sample_id,session,dia_id,speaker,sentence
conv-26,session_1,D1:1,Caroline,Hey Mel! Good to see you! How have you been?
conv-26,session_1,D1:2,Melanie,Hey Caroline! Good to see you! I'm swamped with the kids & work. What's up with you? Anything new?
conv-26,session_1,D1:3,Caroline,I went to a LGBTQ support group yesterday and it was so powerful.
conv-26,session_1,D1:4,Melanie,"Wow, that's cool, Caroline! What happened that was so awesome? Did you hear any inspiring stories?"
conv-26,session_1,D1:5,Caroline,The transgender stories were so inspiring! I was so happy and thankful for all the support.
conv-26,session_1,D1:6,Melanie,"Wow, love that painting! So cool you found such a helpful group. What's it done for you?"
conv-26,session_1,D1:7,Caroline,The support group has made me feel accepted and given me courage to embrace myself.
conv-26,session_1,D1:8,Melanie,That's really cool. You've got guts. What now?
conv-26,session_1,D1:9,Caroline,"Gonna continue my edu and check out career options, which is pretty exciting!"
conv-26,session_1,D1:10,Melanie,"Wow, Caroline! What kinda jobs are you thinkin' of? Anything that stands out?"
conv-26,session_1,D1:11,Caroline,I'm keen on counseling or working in mental health - I'd love to support those with similar issues.
conv-26,session_1,D1:12,Melanie,"You'd be a great counselor! Your empathy and understanding will really help the people you work with. By the way, take a look at this."
conv-26,session_1,D1:13,Caroline,"Thanks, Melanie! That's really sweet. Is this your own painting?"
conv-26,session_1,D1:14,Melanie,"Yeah, I painted that lake sunrise last year! It's special to me."
conv-26,session_1,D1:15,Caroline,"Wow, Melanie! The colors really blend nicely. Painting looks like a great outlet for expressing yourself."
conv-26,session_1,D1:16,Melanie,"Thanks, Caroline! Painting's a fun way to express my feelings and get creative. It's a great way to relax after a long day."
conv-26,session_1,D1:17,Caroline,"Totally agree, Mel. Relaxing and expressing ourselves is key. Well, I'm off to go do some research."
conv-26,session_1,D1:18,Melanie,"Yep, Caroline. Taking care of ourselves is vital. I'm off to go swimming with the kids. Talk to you soon!"
conv-26,session_10,D10:1,Caroline,Hey Melanie! Just wanted to say hi!
conv-26,session_10,D10:2,Melanie,Hey Caroline! Good to talk to you again. What's up? Anything new since last time?
conv-26,session_10,D10:3,Caroline,"Hey Mel! A lot's happened since we last chatted - I just joined a new LGBTQ activist group last Tues. I'm meeting so many cool people who are as passionate as I am about rights and community support. I'm giving my voice and making a real difference, plus it's fulfilling in so many ways. It's just great, you know?"
conv-26,session_10,D10:4,Melanie,"That's awesome, Caroline! Glad to hear you found a great group where you can have an impact. Bet it feels great to be able to speak your truth and stand up for what's right. Want to tell me a bit more about it?"
conv-26,session_10,D10:5,Caroline,"Thanks, Melanie! It's awesome to have our own platform to be ourselves and support others' rights. Our group, 'Connected LGBTQ Activists', is made of all kinds of people investing in positive changes. We have regular meetings, plan events and campaigns, to get together and support each other."
conv-26,session_10,D10:6,Melanie,"Wow, Caroline, your group sounds awesome! Supporting each other and making good things happen - that's so inspiring! Have you been part of any events or campaigns lately?"
conv-26,session_10,D10:7,Caroline,"Last weekend our city held a pride parade! So many people marched through the streets waving flags, holding signs and celebrating love and diversity. I missed it but it was a powerful reminder that we are not alone in this fight for equality and inclusivity. Change is possible!"
conv-26,session_10,D10:8,Melanie,"Wow, fantastic, Caroline! Bet the atmosphere was incredible. Oh yeah, we went to the beach recently. It was awesome! The kids had such a blast."
conv-26,session_10,D10:9,Caroline,Sounds fun! What was the best part? Do you do it often with the kids?
conv-26,session_10,D10:10,Melanie,"Seeing my kids' faces so happy at the beach was the best! We don't go often, usually only once or twice a year. But those times are always special to spend time together and chill."
conv-26,session_10,D10:11,Caroline,"Sounds special, those beach trips! Do you have any other summer traditions you all do together? Create those memories!"
conv-26,session_10,D10:12,Melanie,"We always look forward to our family camping trip. We roast marshmallows, tell stories around the campfire and just enjoy each other's company. It's the highlight of our summer!"
conv-26,session_10,D10:13,Caroline,"Wow, Mel, that's awesome! What's your best camping memory?"
conv-26,session_10,D10:14,Melanie,I'll always remember our camping trip last year when we saw the Perseid meteor shower. It was so amazing lying there and watching the sky light up with streaks of light. We all made wishes and felt so at one with the universe. That's a memory I'll never forget.
conv-26,session_10,D10:15,Caroline,Cool! What did it look like?
conv-26,session_10,D10:16,Melanie,"The sky was so clear and filled with stars, and the meteor shower was amazing - it felt like we were part of something huge and awe-inspiring."
conv-26,session_10,D10:17,Caroline,"Wow, Mel. That must've been breathtaking!"
conv-26,session_10,D10:18,Melanie,It was one of those moments where I felt tiny and in awe of the universe. Reminds me how awesome life is - so many little moments like that.
conv-26,session_10,D10:19,Caroline,"That's great, Mel! What other good memories do you have that make you feel thankful for life?"
conv-26,session_10,D10:20,Melanie,I'll never forget the day my youngest took her first steps. Seeing her wobble as she took those initial steps really put into perspective how fleeting life is and how lucky I am to be able to share these moments.
conv-26,session_10,D10:21,Caroline,"Aw, that's sweet, Mel! Those milestones are great reminders of how special our bonds are."
conv-26,session_10,D10:22,Melanie,"Yeah, they sure are. It's special moments like these that make me appreciate life and how lucky I am to be with my family and have our love."
conv-26,session_10,D10:23,Caroline,"Wow, Melanie, what a beautiful moment! Lucky you to have such an awesome family!"
conv-26,session_10,D10:24,Melanie,"Thanks, Caroline! I'm really lucky to have my family; they bring so much joy and love."
conv-26,session_11,D11:1,Melanie,"Hey Caroline! Last night was amazing! We celebrated my daughter's birthday with a concert surrounded by music, joy and the warm summer breeze. Seeing my kids' smiles was so awesome, and I'm so thankful for our special moments together."
conv-26,session_11,D11:2,Caroline,"Wow, sounds wonderful! Your love for your kids is so awesome. What concert was it? The advocacy event was a cool experience - so much love and support, amazing!"
conv-26,session_11,D11:3,Melanie,"Thanks, Caroline! It was Matt Patterson, he is so talented! His voice and songs were amazing. What's up with you? Anything interesting going on?"
conv-26,session_11,D11:4,Caroline,"Wow, Mel, glad you had a blast at the concert. A lot's happened since we talked. I went to a pride parade last Friday and it was awesome - so much energy and love everywhere. Really made me proud and reminded me how important it is to keep standing up for equality."
conv-26,session_11,D11:5,Melanie,"Wow, that's awesome! How did it feel being part of that community?"
conv-26,session_11,D11:6,Caroline,"It was so inspiring, Mel! Check out the crowd. People of all kinds celebrating love and acceptance - it really pushed me to keep fighting for LGBTQ rights."
conv-26,session_11,D11:7,Melanie,"Wow, Caroline! That sounds awesome. This pic's from last night - looks like everyone was having a blast! Reminds me it's important to cultivate a loving and accepting environment for our kids. How do you stay inclusive in your work as an artist?"
conv-26,session_11,D11:8,Caroline,That pic is cool! Representing inclusivity and diversity in my art is important to me. I also use it to speak up for the LGBTQ+ community and push for acceptance. Here's a recent painting!
