sample_id,session,dia_id,speaker,sentence,prev_used,student_no_ctx,student_no_ctx_conf,student_ctx,student_ctx_conf,teacher_no_ctx,teacher_no_ctx_conf,teacher_ctx,teacher_ctx_conf
conv-26,session_1,D1:1,Caroline,Hey Mel! Good to see you! How have you been?,,question,0.7380,question,0.7380,question,0.8283,question,0.8283
conv-26,session_1,D1:2,Melanie,Hey Caroline! Good to see you! I'm swamped with the kids & work. What's up with you? Anything new?,Hey Mel! Good to see you! How have you been?,question,0.8510,question,0.8506,question,0.8979,question,0.8302
conv-26,session_1,D1:3,Caroline,I went to a LGBTQ support group yesterday and it was so powerful.,Hey Caroline! Good to see you! I'm swamped with the kids & work. What's up with you? Anything new?,social,0.7562,question,0.6425,inform,0.7565,question,0.5732
conv-26,session_1,D1:4,Melanie,"Wow, that's cool, Caroline! What happened that was so awesome? Did you hear any inspiring stories?",I went to a LGBTQ support group yesterday and it was so powerful.,question,0.9980,question,0.9934,question,0.8965,question,0.9072
conv-26,session_1,D1:5,Caroline,The transgender stories were so inspiring! I was so happy and thankful for all the support.,"Wow, that's cool, Caroline! What happened that was so awesome? Did you hear any inspiring stories?",social,0.9999,question,0.6212,social,0.9632,question,0.3968
conv-26,session_1,D1:6,Melanie,"Wow, love that painting! So cool you found such a helpful group. What's it done for you?",The transgender stories were so inspiring! I was so happy and thankful for all the support.,question,0.6762,social,0.9114,social,0.5836,social,0.8075
conv-26,session_1,D1:7,Caroline,The support group has made me feel accepted and given me courage to embrace myself.,"Wow, love that painting! So cool you found such a helpful group. What's it done for you?",social,0.6313,inform,0.5631,inform,0.6447,status,0.7518
conv-26,session_1,D1:8,Melanie,That's really cool. You've got guts. What now?,The support group has made me feel accepted and given me courage to embrace myself.,social,0.9989,social,0.9917,social,0.8851,social,0.9090
conv-26,session_1,D1:9,Caroline,"Gonna continue my edu and check out career options, which is pretty exciting!",That's really cool. You've got guts. What now?,social,0.8486,social,0.9692,social,0.8540,status,0.3624
conv-26,session_1,D1:10,Melanie,"Wow, Caroline! What kinda jobs are you thinkin' of? Anything that stands out?","Gonna continue my edu and check out career options, which is pretty exciting!",question,0.7055,social,0.7378,question,0.8484,question,0.6314
conv-26,session_1,D1:11,Caroline,I'm keen on counseling or working in mental health - I'd love to support those with similar issues.,"Wow, Caroline! What kinda jobs are you thinkin' of? Anything that stands out?",question,0.6613,inform,0.4508,request,0.2624,inform,0.5312
conv-26,session_1,D1:12,Melanie,"You'd be a great counselor! Your empathy and understanding will really help the people you work with. By the way, take a look at this.",I'm keen on counseling or working in mental health - I'd love to support those with similar issues.,social,0.6224,question,0.5014,social,0.8513,social,0.8135
conv-26,session_1,D1:13,Caroline,"Thanks, Melanie! That's really sweet. Is this your own painting?","You'd be a great counselor! Your empathy and understanding will really help the people you work with. By the way, take a look at this.",social,0.7728,question,0.8048,question,0.7610,question,0.7348
conv-26,session_1,D1:14,Melanie,"Yeah, I painted that lake sunrise last year! It's special to me.","Thanks, Melanie! That's really sweet. Is this your own painting?",social,0.9626,social,0.5330,social,0.7622,inform,0.6167
conv-26,session_1,D1:15,Caroline,"Wow, Melanie! The colors really blend nicely. Painting looks like a great outlet for expressing yourself.","Yeah, I painted that lake sunrise last year! It's special to me.",social,0.9828,social,0.7115,social,0.7805,social,0.7709
conv-26,session_1,D1:16,Melanie,"Thanks, Caroline! Painting's a fun way to express my feelings and get creative. It's a great way to relax after a long day.","Wow, Melanie! The colors really blend nicely. Painting looks like a great outlet for expressing yourself.",social,0.9551,social,0.8453,social,0.8768,social,0.9173
conv-26,session_1,D1:17,Caroline,"Totally agree, Mel. Relaxing and expressing ourselves is key. Well, I'm off to go do some research.","Thanks, Caroline! Painting's a fun way to express my feelings and get creative. It's a great way to relax after a long day.",inform,0.4950,inform,0.5461,social,0.8039,social,0.8519
conv-26,session_1,D1:18,Melanie,"Yep, Caroline. Taking care of ourselves is vital. I'm off to go swimming with the kids. Talk to you soon!","Totally agree, Mel. Relaxing and expressing ourselves is key. Well, I'm off to go do some research.",social,0.9956,social,0.5221,social,0.9641,social,0.7794
conv-26,session_10,D10:1,Caroline,Hey Melanie! Just wanted to say hi!,,social,0.9920,social,0.9920,social,0.7051,social,0.7051
conv-26,session_10,D10:2,Melanie,Hey Caroline! Good to talk to you again. What's up? Anything new since last time?,Hey Melanie! Just wanted to say hi!,question,0.9494,question,0.9744,question,0.9386,question,0.9039
conv-26,session_10,D10:3,Caroline,"Hey Mel! A lot's happened since we last chatted - I just joined a new LGBTQ activist group last Tues. I'm meeting so many cool people who are as passionate as I am about rights and community support. I'm giving my voice and making a real difference, plus it's fulfilling in so many ways. It's just great, you know?",Hey Caroline! Good to talk to you again. What's up? Anything new since last time?,inform,0.6212,inform,0.8999,social,0.6686,social,0.3855
conv-26,session_10,D10:4,Melanie,"That's awesome, Caroline! Glad to hear you found a great group where you can have an impact. Bet it feels great to be able to speak your truth and stand up for what's right. Want to tell me a bit more about it?","Hey Mel! A lot's happened since we last chatted - I just joined a new LGBTQ activist group last Tues. I'm meeting so many cool people who are as passionate as I am about rights and community support. I'm giving my voice and making a real difference, plus it's fulfilling in so many ways. It's just great, you know?",question,0.5589,social,0.7967,question,0.8341,social,0.5927
conv-26,session_10,D10:5,Caroline,"Thanks, Melanie! It's awesome to have our own platform to be ourselves and support others' rights. Our group, 'Connected LGBTQ Activists', is made of all kinds of people investing in positive changes. We have regular meetings, plan events and campaigns, to get together and support each other.","That's awesome, Caroline! Glad to hear you found a great group where you can have an impact. Bet it feels great to be able to speak your truth and stand up for what's right. Want to tell me a bit more about it?",inform,0.9849,inform,0.7002,inform,0.9137,inform,0.6697
conv-26,session_10,D10:6,Melanie,"Wow, Caroline, your group sounds awesome! Supporting each other and making good things happen - that's so inspiring! Have you been part of any events or campaigns lately?","Thanks, Melanie! It's awesome to have our own platform to be ourselves and support others' rights. Our group, 'Connected LGBTQ Activists', is made of all kinds of people investing in positive changes. We have regular meetings, plan events and campaigns, to get together and support each other.",question,0.7542,social,0.7807,question,0.5569,social,0.7336
conv-26,session_10,D10:7,Caroline,"Last weekend our city held a pride parade! So many people marched through the streets waving flags, holding signs and celebrating love and diversity. I missed it but it was a powerful reminder that we are not alone in this fight for equality and inclusivity. Change is possible!","Wow, Caroline, your group sounds awesome! Supporting each other and making good things happen - that's so inspiring! Have you been part of any events or campaigns lately?",inform,0.9256,social,0.7214,inform,0.5816,inform,0.6766
conv-26,session_10,D10:8,Melanie,"Wow, fantastic, Caroline! Bet the atmosphere was incredible. Oh yeah, we went to the beach recently. It was awesome! The kids had such a blast.","Last weekend our city held a pride parade! So many people marched through the streets waving flags, holding signs and celebrating love and diversity. I missed it but it was a powerful reminder that we are not alone in this fight for equality and inclusivity. Change is possible!",social,0.9576,inform,0.6995,social,0.8175,social,0.8381
conv-26,session_10,D10:9,Caroline,Sounds fun! What was the best part? Do you do it often with the kids?,"Wow, fantastic, Caroline! Bet the atmosphere was incredible. Oh yeah, we went to the beach recently. It was awesome! The kids had such a blast.",question,1.0000,question,0.9809,question,0.9998,question,0.9840
conv-26,session_10,D10:10,Melanie,"Seeing my kids' faces so happy at the beach was the best! We don't go often, usually only once or twice a year. But those times are always special to spend time together and chill.",Sounds fun! What was the best part? Do you do it often with the kids?,inform,0.9020,inform,0.7651,inform,0.9744,inform,0.9311
conv-26,session_10,D10:11,Caroline,"Sounds special, those beach trips! Do you have any other summer traditions you all do together? Create those memories!","Seeing my kids' faces so happy at the beach was the best! We don't go often, usually only once or twice a year. But those times are always special to spend time together and chill.",question,0.8958,question,0.5822,question,0.7947,question,0.5667
conv-26,session_10,D10:12,Melanie,"We always look forward to our family camping trip. We roast marshmallows, tell stories around the campfire and just enjoy each other's company. It's the highlight of our summer!","Sounds special, those beach trips! Do you have any other summer traditions you all do together? Create those memories!",social,0.9924,inform,0.5766,social,0.9019,inform,0.5645
conv-26,session_10,D10:13,Caroline,"Wow, Mel, that's awesome! What's your best camping memory?","We always look forward to our family camping trip. We roast marshmallows, tell stories around the campfire and just enjoy each other's company. It's the highlight of our summer!",question,0.8814,social,0.9797,question,0.6362,social,0.7754
conv-26,session_10,D10:14,Melanie,I'll always remember our camping trip last year when we saw the Perseid meteor shower. It was so amazing lying there and watching the sky light up with streaks of light. We all made wishes and felt so at one with the universe. That's a memory I'll never forget.,"Wow, Mel, that's awesome! What's your best camping memory?",social,0.6849,inform,0.7815,inform,0.6502,inform,0.8599
conv-26,session_10,D10:15,Caroline,Cool! What did it look like?,I'll always remember our camping trip last year when we saw the Perseid meteor shower. It was so amazing lying there and watching the sky light up with streaks of light. We all made wishes and felt so at one with the universe. That's a memory I'll never forget.,social,0.8961,social,0.9805,question,0.8885,social,0.5698
conv-26,session_10,D10:16,Melanie,"The sky was so clear and filled with stars, and the meteor shower was amazing - it felt like we were part of something huge and awe-inspiring.",Cool! What did it look like?,inform,0.9307,inform,0.9951,inform,0.9103,inform,0.9397
conv-26,session_10,D10:17,Caroline,"Wow, Mel. That must've been breathtaking!","The sky was so clear and filled with stars, and the meteor shower was amazing - it felt like we were part of something huge and awe-inspiring.",social,0.9989,social,0.9826,social,0.9303,social,0.8499
conv-26,session_10,D10:18,Melanie,It was one of those moments where I felt tiny and in awe of the universe. Reminds me how awesome life is - so many little moments like that.,"Wow, Mel. That must've been breathtaking!",social,0.5406,social,0.8212,inform,0.7598,inform,0.6543
conv-26,session_10,D10:19,Caroline,"That's great, Mel! What other good memories do you have that make you feel thankful for life?",It was one of those moments where I felt tiny and in awe of the universe. Reminds me how awesome life is - so many little moments like that.,question,0.6612,social,0.6266,social,0.6560,question,0.5255
conv-26,session_10,D10:20,Melanie,I'll never forget the day my youngest took her first steps. Seeing her wobble as she took those initial steps really put into perspective how fleeting life is and how lucky I am to be able to share these moments.,"That's great, Mel! What other good memories do you have that make you feel thankful for life?",social,0.6645,inform,0.5435,inform,0.7300,inform,0.5771
conv-26,session_10,D10:21,Caroline,"Aw, that's sweet, Mel! Those milestones are great reminders of how special our bonds are.",I'll never forget the day my youngest took her first steps. Seeing her wobble as she took those initial steps really put into perspective how fleeting life is and how lucky I am to be able to share these moments.,social,0.9450,social,0.7382,social,0.5909,social,0.6456
conv-26,session_10,D10:22,Melanie,"Yeah, they sure are. It's special moments like these that make me appreciate life and how lucky I am to be with my family and have our love.","Aw, that's sweet, Mel! Those milestones are great reminders of how special our bonds are.",social,0.9829,social,0.6077,social,0.6994,inform,0.5352
conv-26,session_10,D10:23,Caroline,"Wow, Melanie, what a beautiful moment! Lucky you to have such an awesome family!","Yeah, they sure are. It's special moments like these that make me appreciate life and how lucky I am to be with my family and have our love.",social,1.0000,social,0.9986,social,0.9947,social,0.9664
conv-26,session_10,D10:24,Melanie,"Thanks, Caroline! I'm really lucky to have my family; they bring so much joy and love.","Wow, Melanie, what a beautiful moment! Lucky you to have such an awesome family!",social,0.9999,social,0.9981,social,0.9838,social,0.9593
conv-26,session_11,D11:1,Melanie,"Hey Caroline! Last night was amazing! We celebrated my daughter's birthday with a concert surrounded by music, joy and the warm summer breeze. Seeing my kids' smiles was so awesome, and I'm so thankful for our special moments together.",,social,0.9867,social,0.9867,social,0.7177,social,0.7177
conv-26,session_11,D11:2,Caroline,"Wow, sounds wonderful! Your love for your kids is so awesome. What concert was it? The advocacy event was a cool experience - so much love and support, amazing!","Hey Caroline! Last night was amazing! We celebrated my daughter's birthday with a concert surrounded by music, joy and the warm summer breeze. Seeing my kids' smiles was so awesome, and I'm so thankful for our special moments together.",social,0.8424,social,0.8994,social,0.5544,social,0.8581
conv-26,session_11,D11:3,Melanie,"Thanks, Caroline! It was Matt Patterson, he is so talented! His voice and songs were amazing. What's up with you? Anything interesting going on?","Wow, sounds wonderful! Your love for your kids is so awesome. What concert was it? The advocacy event was a cool experience - so much love and support, amazing!",question,0.9125,question,0.6342,question,0.4754,question,0.5169
conv-26,session_11,D11:4,Caroline,"Wow, Mel, glad you had a blast at the concert. A lot's happened since we talked. I went to a pride parade last Friday and it was awesome - so much energy and love everywhere. Really made me proud and reminded me how important it is to keep standing up for equality.","Thanks, Caroline! It was Matt Patterson, he is so talented! His voice and songs were amazing. What's up with you? Anything interesting going on?",inform,0.8375,inform,0.8186,inform,0.8165,social,0.4848
conv-26,session_11,D11:5,Melanie,"Wow, that's awesome! How did it feel being part of that community?","Wow, Mel, glad you had a blast at the concert. A lot's happened since we talked. I went to a pride parade last Friday and it was awesome - so much energy and love everywhere. Really made me proud and reminded me how important it is to keep standing up for equality.",question,0.9109,social,0.9338,question,0.9446,social,0.4864
conv-26,session_11,D11:6,Caroline,"It was so inspiring, Mel! Check out the crowd. People of all kinds celebrating love and acceptance - it really pushed me to keep fighting for LGBTQ rights.","Wow, that's awesome! How did it feel being part of that community?",social,0.7939,social,0.6300,social,0.5181,inform,0.4898
conv-26,session_11,D11:7,Melanie,"Wow, Caroline! That sounds awesome. This pic's from last night - looks like everyone was having a blast! Reminds me it's important to cultivate a loving and accepting environment for our kids. How do you stay inclusive in your work as an artist?","It was so inspiring, Mel! Check out the crowd. People of all kinds celebrating love and acceptance - it really pushed me to keep fighting for LGBTQ rights.",question,0.9861,question,0.9235,question,0.9264,question,0.8210
conv-26,session_11,D11:8,Caroline,That pic is cool! Representing inclusivity and diversity in my art is important to me. I also use it to speak up for the LGBTQ+ community and push for acceptance. Here's a recent painting!,"Wow, Caroline! That sounds awesome. This pic's from last night - looks like everyone was having a blast! Reminds me it's important to cultivate a loving and accepting environment for our kids. How do you stay inclusive in your work as an artist?",inform,0.9808,question,0.7357,social,0.5031,social,0.5209
