dia_id,speaker,gold,mode,sent_idx,text,p_inform,p_request,p_question,p_confirm,p_reject,p_offer,p_social,p_status,predicted,correct,multi_label,multi_label_with_probs,gold_in_multi
D1:1,Caroline,social,whole_punct,0,Hey Mel! Good to see you! How have you been?,0.0002,0.0001,0.8283,0.0000,0.0000,0.0000,0.1714,0.0000,question,0,question,question(0.83),0
D1:1,Caroline,social,whole_nopunct,0,Hey Mel Good to see you How have you been,0.0001,0.0001,0.8435,0.0000,0.0000,0.0000,0.1562,0.0000,question,0,question,question(0.84),0
D1:1,Caroline,social,sent_punct,1,Hey Mel!,0.0011,0.0004,0.1782,0.0025,0.0001,0.0000,0.8178,0.0000,social,1,social,social(0.82),1
D1:1,Caroline,social,sent_punct,2,Good to see you!,0.0001,0.0005,0.0009,0.0111,0.0001,0.0180,0.9509,0.0183,social,1,social,social(0.95),1
D1:1,Caroline,social,sent_punct,3,How have you been?,0.0022,0.1408,0.8481,0.0000,0.0001,0.0001,0.0087,0.0000,question,0,question,question(0.85),0
D1:1,Caroline,social,sent_nopunct,1,Hey Mel,0.0013,0.0157,0.1234,0.0149,0.0005,0.0005,0.8437,0.0000,social,1,social,social(0.84),1
D1:1,Caroline,social,sent_nopunct,2,Good to see you,0.0007,0.0103,0.0014,0.0297,0.0017,0.0961,0.7032,0.1569,social,1,social,social(0.70),1
D1:1,Caroline,social,sent_nopunct,3,How have you been,0.0034,0.0254,0.9270,0.0000,0.0001,0.0001,0.0441,0.0000,question,0,question,question(0.93),0
D1:2,Melanie,question,whole_punct,0,Hey Caroline! Good to see you! I'm swamped with the kids & work. What's up with you? Anything new?,0.0003,0.0000,0.8979,0.0000,0.0000,0.0000,0.1018,0.0000,question,1,question,question(0.90),1
D1:2,Melanie,question,whole_nopunct,0,Hey Caroline Good to see you I'm swamped with the kids & work What's up with you Anything new,0.0009,0.0000,0.9424,0.0000,0.0000,0.0000,0.0567,0.0000,question,1,question,question(0.94),1
D1:2,Melanie,question,sent_punct,1,Hey Caroline!,0.0015,0.0008,0.5649,0.0033,0.0001,0.0000,0.4295,0.0000,question,1,question+social,question(0.56) social(0.43),1
D1:2,Melanie,question,sent_punct,2,Good to see you!,0.0001,0.0005,0.0009,0.0111,0.0001,0.0180,0.9509,0.0183,social,0,social,social(0.95),0
D1:2,Melanie,question,sent_punct,3,I'm swamped with the kids & work.,0.5620,0.0000,0.0737,0.0003,0.0018,0.0000,0.3614,0.0008,inform,0,inform+social,inform(0.56) social(0.36),0
D1:2,Melanie,question,sent_punct,4,What's up with you?,0.0084,0.0051,0.9677,0.0000,0.0033,0.0000,0.0154,0.0001,question,1,question,question(0.97),1
D1:2,Melanie,question,sent_punct,5,Anything new?,0.0003,0.2974,0.0672,0.0000,0.0080,0.0023,0.6177,0.0071,social,0,social+request,social(0.62) request(0.30),0
D1:2,Melanie,question,sent_nopunct,1,Hey Caroline,0.0006,0.0089,0.7435,0.0137,0.0001,0.0002,0.2330,0.0000,question,1,question+social,question(0.74) social(0.23),1
D1:2,Melanie,question,sent_nopunct,2,Good to see you,0.0007,0.0103,0.0014,0.0297,0.0017,0.0961,0.7032,0.1569,social,0,social,social(0.70),0
D1:2,Melanie,question,sent_nopunct,3,I'm swamped with the kids & work,0.8934,0.0000,0.0336,0.0001,0.0011,0.0000,0.0714,0.0004,inform,0,inform,inform(0.89),0
D1:2,Melanie,question,sent_nopunct,4,What's up with you,0.0054,0.0002,0.8351,0.0000,0.0001,0.0000,0.1591,0.0000,question,1,question,question(0.84),1
D1:2,Melanie,question,sent_nopunct,5,Anything new,0.0618,0.0461,0.1581,0.0072,0.0349,0.0008,0.6069,0.0843,social,0,social,social(0.61),0
D1:3,Caroline,inform,whole_punct,0,I went to a LGBTQ support group yesterday and it was so powerful.,0.7565,0.0000,0.0291,0.0026,0.0000,0.0000,0.2118,0.0000,inform,1,inform+social,inform(0.76) social(0.21),1
D1:3,Caroline,inform,whole_nopunct,0,I went to a LGBTQ support group yesterday and it was so powerful,0.8766,0.0000,0.0125,0.0002,0.0000,0.0000,0.1107,0.0000,inform,1,inform,inform(0.88),1
D1:3,Caroline,inform,sent_punct,1,I went to a LGBTQ support group yesterday and it was so powerful.,0.7565,0.0000,0.0291,0.0026,0.0000,0.0000,0.2118,0.0000,inform,1,inform+social,inform(0.76) social(0.21),1
D1:3,Caroline,inform,sent_nopunct,1,I went to a LGBTQ support group yesterday and it was so powerful,0.8766,0.0000,0.0125,0.0002,0.0000,0.0000,0.1107,0.0000,inform,1,inform,inform(0.88),1
D1:4,Melanie,question,whole_punct,0,"Wow, that's cool, Caroline! What happened that was so awesome? Did you hear any inspiring stories?",0.0001,0.0001,0.8965,0.0000,0.0000,0.0000,0.1032,0.0000,question,1,question,question(0.90),1
D1:4,Melanie,question,whole_nopunct,0,Wow that's cool Caroline What happened that was so awesome Did you hear any inspiring stories,0.0000,0.0000,0.9800,0.0000,0.0000,0.0000,0.0199,0.0000,question,1,question,question(0.98),1
D1:4,Melanie,question,sent_punct,1,"Wow, that's cool, Caroline!",0.0000,0.0001,0.0134,0.4892,0.0000,0.0002,0.4971,0.0000,social,0,social+confirm,social(0.50) confirm(0.49),0
D1:4,Melanie,question,sent_punct,2,What happened that was so awesome?,0.0015,0.0002,0.9912,0.0000,0.0000,0.0000,0.0071,0.0000,question,1,question,question(0.99),1
D1:4,Melanie,question,sent_punct,3,Did you hear any inspiring stories?,0.0015,0.0005,0.8821,0.0241,0.0000,0.0001,0.0914,0.0002,question,1,question,question(0.88),1
D1:4,Melanie,question,sent_nopunct,1,Wow that's cool Caroline,0.0008,0.0002,0.2462,0.3172,0.0000,0.0049,0.4300,0.0007,social,0,social+confirm+question,social(0.43) confirm(0.32) question(0.25),1
D1:4,Melanie,question,sent_nopunct,2,What happened that was so awesome,0.1215,0.0000,0.7615,0.0053,0.0001,0.0000,0.1092,0.0025,question,1,question,question(0.76),1
D1:4,Melanie,question,sent_nopunct,3,Did you hear any inspiring stories,0.0015,0.0001,0.8228,0.0161,0.0000,0.0001,0.1593,0.0002,question,1,question,question(0.82),1
D1:5,Caroline,inform,whole_punct,0,The transgender stories were so inspiring! I was so happy and thankful for all the support.,0.0356,0.0000,0.0007,0.0005,0.0000,0.0000,0.9632,0.0000,social,0,social,social(0.96),0
D1:5,Caroline,inform,whole_nopunct,0,The transgender stories were so inspiring I was so happy and thankful for all the support,0.0598,0.0000,0.0006,0.0003,0.0000,0.0000,0.9394,0.0000,social,0,social,social(0.94),0
D1:5,Caroline,inform,sent_punct,1,The transgender stories were so inspiring!,0.0344,0.0000,0.0176,0.1383,0.0000,0.0000,0.8095,0.0001,social,0,social,social(0.81),0
D1:5,Caroline,inform,sent_punct,2,I was so happy and thankful for all the support.,0.0014,0.0000,0.0002,0.0001,0.0001,0.0000,0.9982,0.0000,social,0,social,social(1.00),0
D1:5,Caroline,inform,sent_nopunct,1,The transgender stories were so inspiring,0.1545,0.0000,0.0095,0.1054,0.0000,0.0000,0.7305,0.0001,social,0,social,social(0.73),0
D1:5,Caroline,inform,sent_nopunct,2,I was so happy and thankful for all the support,0.0044,0.0000,0.0008,0.0002,0.0002,0.0000,0.9944,0.0000,social,0,social,social(0.99),0
D1:6,Melanie,question,whole_punct,0,"Wow, love that painting! So cool you found such a helpful group. What's it done for you?",0.0001,0.0020,0.4142,0.0000,0.0000,0.0002,0.5836,0.0001,social,0,social+question,social(0.58) question(0.41),1
D1:6,Melanie,question,whole_nopunct,0,Wow love that painting So cool you found such a helpful group What's it done for you,0.0002,0.0001,0.5512,0.0000,0.0000,0.0000,0.4484,0.0000,question,1,question+social,question(0.55) social(0.45),1
D1:6,Melanie,question,sent_punct,1,"Wow, love that painting!",0.0000,0.0000,0.0000,0.0943,0.0000,0.0000,0.9056,0.0000,social,0,social,social(0.91),0
D1:6,Melanie,question,sent_punct,2,So cool you found such a helpful group.,0.0003,0.0000,0.0011,0.0046,0.0000,0.0005,0.9893,0.0042,social,0,social,social(0.99),0
D1:6,Melanie,question,sent_punct,3,What's it done for you?,0.0053,0.0945,0.7082,0.0000,0.0035,0.0002,0.1872,0.0011,question,1,question,question(0.71),1
D1:6,Melanie,question,sent_nopunct,1,Wow love that painting,0.0000,0.0000,0.0000,0.0750,0.0000,0.0000,0.9246,0.0002,social,0,social,social(0.92),0
D1:6,Melanie,question,sent_nopunct,2,So cool you found such a helpful group,0.0016,0.0001,0.0026,0.0058,0.0000,0.0007,0.9790,0.0101,social,0,social,social(0.98),0
D1:6,Melanie,question,sent_nopunct,3,What's it done for you,0.0156,0.0014,0.4973,0.0000,0.0002,0.0000,0.4849,0.0006,question,1,question+social,question(0.50) social(0.48),1
D1:7,Caroline,inform,whole_punct,0,The support group has made me feel accepted and given me courage to embrace myself.,0.6447,0.1045,0.0070,0.0007,0.0008,0.0006,0.2351,0.0065,inform,1,inform+social,inform(0.64) social(0.24),1
D1:7,Caroline,inform,whole_nopunct,0,The support group has made me feel accepted and given me courage to embrace myself,0.8284,0.0324,0.0066,0.0003,0.0005,0.0005,0.1239,0.0074,inform,1,inform,inform(0.83),1
D1:7,Caroline,inform,sent_punct,1,The support group has made me feel accepted and given me courage to embrace myself.,0.6447,0.1045,0.0070,0.0007,0.0008,0.0006,0.2351,0.0065,inform,1,inform+social,inform(0.64) social(0.24),1
D1:7,Caroline,inform,sent_nopunct,1,The support group has made me feel accepted and given me courage to embrace myself,0.8284,0.0324,0.0066,0.0003,0.0005,0.0005,0.1239,0.0074,inform,1,inform,inform(0.83),1
D1:8,Melanie,question,whole_punct,0,That's really cool. You've got guts. What now?,0.0001,0.0041,0.1075,0.0002,0.0000,0.0016,0.8851,0.0013,social,0,social,social(0.89),0
D1:8,Melanie,question,whole_nopunct,0,That's really cool You've got guts What now,0.0019,0.0006,0.5461,0.0000,0.0000,0.0002,0.4504,0.0009,question,1,question+social,question(0.55) social(0.45),1
D1:8,Melanie,question,sent_punct,1,That's really cool.,0.0000,0.0000,0.0001,0.4150,0.0000,0.0000,0.5849,0.0000,social,0,social+confirm,social(0.58) confirm(0.41),0
D1:8,Melanie,question,sent_punct,2,You've got guts.,0.0026,0.0026,0.0026,0.1209,0.0067,0.0114,0.7735,0.0798,social,0,social,social(0.77),0
D1:8,Melanie,question,sent_punct,3,What now?,0.0031,0.6852,0.0538,0.0037,0.1512,0.0162,0.0787,0.0082,request,0,request,request(0.69),0
D1:8,Melanie,question,sent_nopunct,1,That's really cool,0.0000,0.0000,0.0000,0.1893,0.0000,0.0000,0.8107,0.0000,social,0,social,social(0.81),0
D1:8,Melanie,question,sent_nopunct,2,You've got guts,0.0838,0.0047,0.0144,0.0449,0.0380,0.0082,0.7397,0.0663,social,0,social,social(0.74),0
D1:8,Melanie,question,sent_nopunct,3,What now,0.0149,0.1021,0.2758,0.0140,0.0555,0.0102,0.5129,0.0146,social,0,social+question,social(0.51) question(0.28),1
D1:9,Caroline,inform,whole_punct,0,"Gonna continue my edu and check out career options, which is pretty exciting!",0.0722,0.0157,0.0373,0.0204,0.0002,0.0000,0.8540,0.0001,social,0,social,social(0.85),0
D1:9,Caroline,inform,whole_nopunct,0,Gonna continue my edu and check out career options which is pretty exciting,0.1830,0.0174,0.1074,0.0103,0.0001,0.0000,0.6806,0.0011,social,0,social,social(0.68),0
D1:9,Caroline,inform,sent_punct,1,"Gonna continue my edu and check out career options, which is pretty exciting!",0.0722,0.0157,0.0373,0.0204,0.0002,0.0000,0.8540,0.0001,social,0,social,social(0.85),0
D1:9,Caroline,inform,sent_nopunct,1,Gonna continue my edu and check out career options which is pretty exciting,0.1830,0.0174,0.1074,0.0103,0.0001,0.0000,0.6806,0.0011,social,0,social,social(0.68),0
D1:10,Melanie,question,whole_punct,0,"Wow, Caroline! What kinda jobs are you thinkin' of? Anything that stands out?",0.0010,0.0002,0.8484,0.0000,0.0000,0.0000,0.1503,0.0000,question,1,question,question(0.85),1
D1:10,Melanie,question,whole_nopunct,0,Wow Caroline What kinda jobs are you thinkin' of Anything that stands out,0.0013,0.0000,0.9473,0.0000,0.0000,0.0000,0.0514,0.0000,question,1,question,question(0.95),1
D1:10,Melanie,question,sent_punct,1,"Wow, Caroline!",0.0006,0.0011,0.3526,0.0131,0.0000,0.0003,0.6324,0.0000,social,0,social+question,social(0.63) question(0.35),1
D1:10,Melanie,question,sent_punct,2,What kinda jobs are you thinkin' of?,0.0005,0.2847,0.6937,0.0000,0.0000,0.0000,0.0212,0.0000,question,1,question+request,question(0.69) request(0.28),1
D1:10,Melanie,question,sent_punct,3,Anything that stands out?,0.0004,0.0249,0.8152,0.0001,0.0073,0.0033,0.1486,0.0002,question,1,question,question(0.82),1
D1:10,Melanie,question,sent_nopunct,1,Wow Caroline,0.0019,0.0019,0.5185,0.0133,0.0000,0.0052,0.4590,0.0002,question,1,question+social,question(0.52) social(0.46),1
D1:10,Melanie,question,sent_nopunct,2,What kinda jobs are you thinkin' of,0.0008,0.0082,0.9766,0.0000,0.0000,0.0000,0.0144,0.0000,question,1,question,question(0.98),1
D1:10,Melanie,question,sent_nopunct,3,Anything that stands out,0.0414,0.0039,0.6685,0.0055,0.0598,0.0049,0.2137,0.0022,question,1,question+social,question(0.67) social(0.21),1
D1:11,Caroline,inform,whole_punct,0,I'm keen on counseling or working in mental health - I'd love to support those with similar issues.,0.1933,0.2624,0.2526,0.0562,0.0257,0.0001,0.2096,0.0000,request,0,request+question+social,request(0.26) question(0.25) social(0.21),0
D1:11,Caroline,inform,whole_nopunct,0,I'm keen on counseling or working in mental health - I'd love to support those with similar issues,0.2549,0.2672,0.1818,0.0340,0.0456,0.0001,0.2164,0.0000,request,0,request+inform+social,request(0.27) inform(0.25) social(0.22),1
D1:11,Caroline,inform,sent_punct,1,I'm keen on counseling or working in mental health - I'd love to support those with similar issues.,0.1933,0.2624,0.2526,0.0562,0.0257,0.0001,0.2096,0.0000,request,0,request+question+social,request(0.26) question(0.25) social(0.21),0
D1:11,Caroline,inform,sent_nopunct,1,I'm keen on counseling or working in mental health - I'd love to support those with similar issues,0.2549,0.2672,0.1818,0.0340,0.0456,0.0001,0.2164,0.0000,request,0,request+inform+social,request(0.27) inform(0.25) social(0.22),1
D1:12,Melanie,social,whole_punct,0,"You'd be a great counselor! Your empathy and understanding will really help the people you work with. By the way, take a look at this.",0.0049,0.0032,0.1405,0.0000,0.0000,0.0000,0.8513,0.0000,social,1,social,social(0.85),1
D1:12,Melanie,social,whole_nopunct,0,You'd be a great counselor Your empathy and understanding will really help the people you work with By the way take a look at this,0.0069,0.0000,0.2130,0.0000,0.0000,0.0000,0.7800,0.0000,social,1,social+question,social(0.78) question(0.21),1
D1:12,Melanie,social,sent_punct,1,You'd be a great counselor!,0.0003,0.0001,0.0040,0.0185,0.0000,0.0006,0.9764,0.0000,social,1,social,social(0.98),1
D1:12,Melanie,social,sent_punct,2,Your empathy and understanding will really help the people you work with.,0.0407,0.0001,0.4209,0.0005,0.0004,0.0000,0.5374,0.0001,social,1,social+question,social(0.54) question(0.42),1
D1:12,Melanie,social,sent_punct,3,"By the way, take a look at this.",0.0005,0.0578,0.0489,0.0009,0.0000,0.0032,0.8887,0.0000,social,1,social,social(0.89),1
D1:12,Melanie,social,sent_nopunct,1,You'd be a great counselor,0.0020,0.0009,0.0017,0.0396,0.0002,0.0018,0.9537,0.0001,social,1,social,social(0.95),1
D1:12,Melanie,social,sent_nopunct,2,Your empathy and understanding will really help the people you work with,0.4576,0.0000,0.3069,0.0002,0.0008,0.0000,0.2344,0.0001,inform,0,inform+question+social,inform(0.46) question(0.31) social(0.23),1
D1:12,Melanie,social,sent_nopunct,3,By the way take a look at this,0.0147,0.0442,0.1451,0.0004,0.0000,0.0090,0.7861,0.0006,social,1,social,social(0.79),1
D1:13,Caroline,question,whole_punct,0,"Thanks, Melanie! That's really sweet. Is this your own painting?",0.0000,0.0053,0.7610,0.0000,0.0000,0.0007,0.2330,0.0000,question,1,question+social,question(0.76) social(0.23),1
D1:13,Caroline,question,whole_nopunct,0,Thanks Melanie That's really sweet Is this your own painting,0.0000,0.0046,0.7389,0.0000,0.0000,0.0007,0.2558,0.0000,question,1,question+social,question(0.74) social(0.26),1
D1:13,Caroline,question,sent_punct,1,"Thanks, Melanie!",0.0000,0.0000,0.0005,0.0056,0.0001,0.0000,0.9937,0.0000,social,0,social,social(0.99),0
D1:13,Caroline,question,sent_punct,2,That's really sweet.,0.0004,0.0000,0.0040,0.3514,0.0000,0.0000,0.6440,0.0002,social,0,social+confirm,social(0.64) confirm(0.35),0
D1:13,Caroline,question,sent_punct,3,Is this your own painting?,0.0001,0.0788,0.9158,0.0000,0.0000,0.0002,0.0051,0.0000,question,1,question,question(0.92),1
D1:13,Caroline,question,sent_nopunct,1,Thanks Melanie,0.0002,0.0001,0.0031,0.0307,0.0007,0.0002,0.9649,0.0000,social,0,social,social(0.96),0
D1:13,Caroline,question,sent_nopunct,2,That's really sweet,0.0325,0.0000,0.0037,0.4282,0.0002,0.0000,0.5350,0.0003,social,0,social+confirm,social(0.54) confirm(0.43),0
D1:13,Caroline,question,sent_nopunct,3,Is this your own painting,0.0038,0.0274,0.9317,0.0000,0.0000,0.0006,0.0364,0.0000,question,1,question,question(0.93),1
D1:14,Melanie,confirm,whole_punct,0,"Yeah, I painted that lake sunrise last year! It's special to me.",0.2294,0.0000,0.0012,0.0071,0.0001,0.0000,0.7622,0.0000,social,0,social+inform,social(0.76) inform(0.23),0
D1:14,Melanie,confirm,whole_nopunct,0,Yeah I painted that lake sunrise last year It's special to me,0.3152,0.0000,0.0035,0.0078,0.0003,0.0000,0.6731,0.0000,social,0,social+inform,social(0.67) inform(0.32),0
D1:14,Melanie,confirm,sent_punct,1,"Yeah, I painted that lake sunrise last year!",0.3321,0.0010,0.0328,0.0107,0.0000,0.0175,0.6058,0.0001,social,0,social+inform,social(0.61) inform(0.33),0
D1:14,Melanie,confirm,sent_punct,2,It's special to me.,0.0226,0.0000,0.0004,0.0212,0.0051,0.0000,0.9506,0.0001,social,0,social,social(0.95),0
D1:14,Melanie,confirm,sent_nopunct,1,Yeah I painted that lake sunrise last year,0.5723,0.0027,0.0490,0.0267,0.0000,0.1591,0.1897,0.0006,inform,0,inform,inform(0.57),0
D1:14,Melanie,confirm,sent_nopunct,2,It's special to me,0.3794,0.0000,0.0007,0.0132,0.0506,0.0000,0.5560,0.0001,social,0,social+inform,social(0.56) inform(0.38),0
D1:15,Caroline,social,whole_punct,0,"Wow, Melanie! The colors really blend nicely. Painting looks like a great outlet for expressing yourself.",0.2140,0.0009,0.0041,0.0003,0.0000,0.0002,0.7805,0.0001,social,1,social+inform,social(0.78) inform(0.21),1
D1:15,Caroline,social,whole_nopunct,0,Wow Melanie The colors really blend nicely Painting looks like a great outlet for expressing yourself,0.3006,0.0022,0.0040,0.0004,0.0000,0.0016,0.6910,0.0002,social,1,social+inform,social(0.69) inform(0.30),1
D1:15,Caroline,social,sent_punct,1,"Wow, Melanie!",0.0004,0.0022,0.0194,0.0233,0.0002,0.0008,0.9535,0.0002,social,1,social,social(0.95),1
D1:15,Caroline,social,sent_punct,2,The colors really blend nicely.,0.3197,0.0000,0.0100,0.0005,0.0000,0.0000,0.6692,0.0005,social,1,social+inform,social(0.67) inform(0.32),1
D1:15,Caroline,social,sent_punct,3,Painting looks like a great outlet for expressing yourself.,0.8716,0.0448,0.0053,0.0292,0.0000,0.0155,0.0331,0.0005,inform,0,inform,inform(0.87),0
D1:15,Caroline,social,sent_nopunct,1,Wow Melanie,0.0053,0.0067,0.0173,0.0321,0.0004,0.0042,0.9310,0.0030,social,1,social,social(0.93),1
D1:15,Caroline,social,sent_nopunct,2,The colors really blend nicely,0.8424,0.0001,0.0035,0.0003,0.0001,0.0000,0.1522,0.0014,inform,0,inform,inform(0.84),0
D1:15,Caroline,social,sent_nopunct,3,Painting looks like a great outlet for expressing yourself,0.9341,0.0323,0.0008,0.0049,0.0000,0.0041,0.0231,0.0007,inform,0,inform,inform(0.93),0
D1:16,Melanie,inform,whole_punct,0,"Thanks, Caroline! Painting's a fun way to express my feelings and get creative. It's a great way to relax after a long day.",0.1179,0.0000,0.0049,0.0003,0.0000,0.0000,0.8768,0.0000,social,0,social,social(0.88),0
D1:16,Melanie,inform,whole_nopunct,0,Thanks Caroline Painting's a fun way to express my feelings and get creative It's a great way to relax after a long day,0.2336,0.0001,0.0010,0.0001,0.0000,0.0000,0.7651,0.0000,social,0,social+inform,social(0.77) inform(0.23),1
D1:16,Melanie,inform,sent_punct,1,"Thanks, Caroline!",0.0001,0.0001,0.0082,0.0169,0.0001,0.0000,0.9747,0.0000,social,0,social,social(0.97),0
D1:16,Melanie,inform,sent_punct,2,Painting's a fun way to express my feelings and get creative.,0.4529,0.0022,0.0480,0.0003,0.0000,0.0026,0.4860,0.0079,social,0,social+inform,social(0.49) inform(0.45),1
D1:16,Melanie,inform,sent_punct,3,It's a great way to relax after a long day.,0.0301,0.0009,0.0101,0.0097,0.0001,0.0003,0.9477,0.0011,social,0,social,social(0.95),0
D1:16,Melanie,inform,sent_nopunct,1,Thanks Caroline,0.0005,0.0004,0.3907,0.0889,0.0002,0.0004,0.5189,0.0000,social,0,social+question,social(0.52) question(0.39),0
D1:16,Melanie,inform,sent_nopunct,2,Painting's a fun way to express my feelings and get creative,0.7493,0.0010,0.0149,0.0001,0.0000,0.0005,0.2287,0.0056,inform,1,inform+social,inform(0.75) social(0.23),1
D1:16,Melanie,inform,sent_nopunct,3,It's a great way to relax after a long day,0.0895,0.0018,0.0037,0.0027,0.0005,0.0001,0.8995,0.0022,social,0,social,social(0.90),0
D1:17,Caroline,social,whole_punct,0,"Totally agree, Mel. Relaxing and expressing ourselves is key. Well, I'm off to go do some research.",0.1204,0.0058,0.0691,0.0006,0.0001,0.0000,0.8039,0.0000,social,1,social,social(0.80),1
D1:17,Caroline,social,whole_nopunct,0,Totally agree Mel Relaxing and expressing ourselves is key Well I'm off to go do some research,0.2085,0.0004,0.2207,0.0000,0.0000,0.0000,0.5704,0.0000,social,1,social+question+inform,social(0.57) question(0.22) inform(0.21),1
D1:17,Caroline,social,sent_punct,1,"Totally agree, Mel.",0.0031,0.0002,0.5430,0.0770,0.0000,0.0013,0.3752,0.0001,question,0,question+social,question(0.54) social(0.38),1
D1:17,Caroline,social,sent_punct,2,Relaxing and expressing ourselves is key.,0.2037,0.2765,0.0059,0.0139,0.0028,0.0063,0.3669,0.1239,social,1,social+request+inform,social(0.37) request(0.28) inform(0.20),1
D1:17,Caroline,social,sent_punct,3,"Well, I'm off to go do some research.",0.0196,0.0484,0.2172,0.0001,0.0008,0.0000,0.7138,0.0000,social,1,social+question,social(0.71) question(0.22),1
D1:17,Caroline,social,sent_nopunct,1,Totally agree Mel,0.0166,0.0024,0.5157,0.0725,0.0000,0.0187,0.3656,0.0084,question,0,question+social,question(0.52) social(0.37),1
D1:17,Caroline,social,sent_nopunct,2,Relaxing and expressing ourselves is key,0.7271,0.0432,0.0095,0.0039,0.0104,0.0014,0.1518,0.0527,inform,0,inform,inform(0.73),0
D1:17,Caroline,social,sent_nopunct,3,Well I'm off to go do some research,0.0558,0.0203,0.6283,0.0000,0.0004,0.0000,0.2952,0.0000,question,0,question+social,question(0.63) social(0.30),1
D1:18,Melanie,social,whole_punct,0,"Yep, Caroline. Taking care of ourselves is vital. I'm off to go swimming with the kids. Talk to you soon!",0.0302,0.0019,0.0036,0.0002,0.0000,0.0000,0.9641,0.0000,social,1,social,social(0.96),1
D1:18,Melanie,social,whole_nopunct,0,Yep Caroline Taking care of ourselves is vital I'm off to go swimming with the kids Talk to you soon,0.0180,0.0001,0.0120,0.0000,0.0000,0.0000,0.9699,0.0000,social,1,social,social(0.97),1
D1:18,Melanie,social,sent_punct,1,"Yep, Caroline.",0.0019,0.0009,0.5827,0.3792,0.0001,0.0002,0.0350,0.0001,question,0,question+confirm,question(0.58) confirm(0.38),0
D1:18,Melanie,social,sent_punct,2,Taking care of ourselves is vital.,0.0196,0.0120,0.0017,0.0004,0.0005,0.0000,0.9658,0.0000,social,1,social,social(0.97),1
D1:18,Melanie,social,sent_punct,3,I'm off to go swimming with the kids.,0.2853,0.6851,0.0194,0.0000,0.0001,0.0000,0.0100,0.0000,request,0,request+inform,request(0.69) inform(0.29),0
D1:18,Melanie,social,sent_punct,4,Talk to you soon!,0.0004,0.0001,0.0003,0.0000,0.0001,0.0001,0.9989,0.0001,social,1,social,social(1.00),1
D1:18,Melanie,social,sent_nopunct,1,Yep Caroline,0.0029,0.0002,0.7789,0.2026,0.0000,0.0003,0.0148,0.0003,question,0,question+confirm,question(0.78) confirm(0.20),0
D1:18,Melanie,social,sent_nopunct,2,Taking care of ourselves is vital,0.1719,0.0127,0.0063,0.0011,0.0013,0.0000,0.8065,0.0001,social,1,social,social(0.81),1
D1:18,Melanie,social,sent_nopunct,3,I'm off to go swimming with the kids,0.4723,0.4801,0.0346,0.0000,0.0001,0.0000,0.0129,0.0001,request,0,request+inform,request(0.48) inform(0.47),0
D1:18,Melanie,social,sent_nopunct,4,Talk to you soon,0.0024,0.0006,0.0018,0.0001,0.0007,0.0006,0.9933,0.0004,social,1,social,social(0.99),1
D10:1,Caroline,social,whole_punct,0,Hey Melanie! Just wanted to say hi!,0.0017,0.0005,0.2923,0.0002,0.0002,0.0000,0.7051,0.0000,social,1,social+question,social(0.71) question(0.29),1
D10:1,Caroline,social,whole_nopunct,0,Hey Melanie Just wanted to say hi,0.0014,0.0006,0.2615,0.0002,0.0001,0.0000,0.7360,0.0000,social,1,social+question,social(0.74) question(0.26),1
D10:1,Caroline,social,sent_punct,1,Hey Melanie!,0.0045,0.0024,0.2065,0.0103,0.0012,0.0000,0.7750,0.0000,social,1,social+question,social(0.78) question(0.21),1
D10:1,Caroline,social,sent_punct,2,Just wanted to say hi!,0.0010,0.0011,0.1136,0.0002,0.0001,0.0000,0.8840,0.0000,social,1,social,social(0.88),1
D10:1,Caroline,social,sent_nopunct,1,Hey Melanie,0.0048,0.0155,0.1729,0.0163,0.0015,0.0002,0.7887,0.0001,social,1,social,social(0.79),1
D10:1,Caroline,social,sent_nopunct,2,Just wanted to say hi,0.0010,0.0023,0.2212,0.0002,0.0000,0.0000,0.7752,0.0000,social,1,social+question,social(0.78) question(0.22),1
D10:2,Melanie,question,whole_punct,0,Hey Caroline! Good to talk to you again. What's up? Anything new since last time?,0.0001,0.0000,0.9386,0.0000,0.0000,0.0000,0.0613,0.0000,question,1,question,question(0.94),1
D10:2,Melanie,question,whole_nopunct,0,Hey Caroline Good to talk to you again What's up Anything new since last time,0.0002,0.0000,0.9676,0.0000,0.0000,0.0000,0.0322,0.0000,question,1,question,question(0.97),1
D10:2,Melanie,question,sent_punct,1,Hey Caroline!,0.0015,0.0008,0.5649,0.0033,0.0001,0.0000,0.4295,0.0000,question,1,question+social,question(0.56) social(0.43),1
D10:2,Melanie,question,sent_punct,2,Good to talk to you again.,0.0001,0.0006,0.0010,0.0034,0.0016,0.0044,0.9831,0.0059,social,0,social,social(0.98),0
D10:2,Melanie,question,sent_punct,3,What's up?,0.0345,0.4134,0.2992,0.0000,0.2435,0.0002,0.0084,0.0008,request,0,request+question+reject,request(0.41) question(0.30) reject(0.24),1
D10:2,Melanie,question,sent_punct,4,Anything new since last time?,0.0005,0.0062,0.4807,0.0000,0.0013,0.0000,0.5111,0.0002,social,0,social+question,social(0.51) question(0.48),1
D10:2,Melanie,question,sent_nopunct,1,Hey Caroline,0.0006,0.0089,0.7435,0.0137,0.0001,0.0002,0.2330,0.0000,question,1,question+social,question(0.74) social(0.23),1
D10:2,Melanie,question,sent_nopunct,2,Good to talk to you again,0.0020,0.0087,0.0070,0.0091,0.0149,0.0212,0.8744,0.0627,social,0,social,social(0.87),0
D10:2,Melanie,question,sent_nopunct,3,What's up,0.0138,0.0064,0.8372,0.0001,0.0117,0.0000,0.1306,0.0001,question,1,question,question(0.84),1
D10:2,Melanie,question,sent_nopunct,4,Anything new since last time,0.0446,0.0022,0.3671,0.0015,0.0234,0.0000,0.5562,0.0050,social,0,social+question,social(0.56) question(0.37),1
D10:3,Caroline,inform,whole_punct,0,"Hey Mel! A lot's happened since we last chatted - I just joined a new LGBTQ activist group last Tues. I'm meeting so many cool people who are as passionate as I am about rights and community support. I'm giving my voice and making a real difference, plus it's fulfilling in so many ways. It's just great, you know?",0.2139,0.0000,0.1061,0.0112,0.0002,0.0000,0.6686,0.0000,social,0,social+inform,social(0.67) inform(0.21),1
D10:3,Caroline,inform,whole_nopunct,0,Hey Mel A lot's happened since we last chatted - I just joined a new LGBTQ activist group last Tues I'm meeting so many cool people who are as passionate as I am about rights and community support I'm giving my voice and making a real difference plus it's fulfilling in so many ways It's just great you know,0.1923,0.0000,0.0185,0.0010,0.0000,0.0000,0.7881,0.0000,social,0,social,social(0.79),0
D10:3,Caroline,inform,sent_punct,1,Hey Mel!,0.0011,0.0004,0.1782,0.0025,0.0001,0.0000,0.8178,0.0000,social,0,social,social(0.82),0
D10:3,Caroline,inform,sent_punct,2,A lot's happened since we last chatted - I just joined a new LGBTQ activist group last Tues.,0.8720,0.0001,0.0048,0.0001,0.0000,0.0000,0.1230,0.0000,inform,1,inform,inform(0.87),1
D10:3,Caroline,inform,sent_punct,3,I'm meeting so many cool people who are as passionate as I am about rights and community support.,0.4730,0.0000,0.1273,0.0043,0.0000,0.0000,0.3953,0.0000,inform,1,inform+social,inform(0.47) social(0.40),1
D10:3,Caroline,inform,sent_punct,4,"I'm giving my voice and making a real difference, plus it's fulfilling in so many ways.",0.1255,0.0002,0.0416,0.0049,0.0129,0.0000,0.8139,0.0010,social,0,social,social(0.81),0
D10:3,Caroline,inform,sent_punct,5,"It's just great, you know?",0.0011,0.0003,0.0502,0.8586,0.0003,0.0002,0.0891,0.0000,confirm,0,confirm,confirm(0.86),0
D10:3,Caroline,inform,sent_nopunct,1,Hey Mel,0.0013,0.0157,0.1234,0.0149,0.0005,0.0005,0.8437,0.0000,social,0,social,social(0.84),0
D10:3,Caroline,inform,sent_nopunct,2,A lot's happened since we last chatted - I just joined a new LGBTQ activist group last Tues,0.9073,0.0000,0.0055,0.0002,0.0000,0.0000,0.0870,0.0000,inform,1,inform,inform(0.91),1
D10:3,Caroline,inform,sent_nopunct,3,I'm meeting so many cool people who are as passionate as I am about rights and community support,0.4360,0.0000,0.0773,0.0023,0.0000,0.0000,0.4843,0.0000,social,0,social+inform,social(0.48) inform(0.44),1
D10:3,Caroline,inform,sent_nopunct,4,I'm giving my voice and making a real difference plus it's fulfilling in so many ways,0.4800,0.0001,0.0408,0.0015,0.0160,0.0000,0.4578,0.0039,inform,1,inform+social,inform(0.48) social(0.46),1
D10:3,Caroline,inform,sent_nopunct,5,It's just great you know,0.0253,0.0000,0.0081,0.1096,0.0008,0.0000,0.8561,0.0001,social,0,social,social(0.86),0
D10:4,Melanie,question,whole_punct,0,"That's awesome, Caroline! Glad to hear you found a great group where you can have an impact. Bet it feels great to be able to speak your truth and stand up for what's right. Want to tell me a bit more about it?",0.0013,0.0001,0.8341,0.0000,0.0000,0.0000,0.1644,0.0000,question,1,question,question(0.83),1
D10:4,Melanie,question,whole_nopunct,0,That's awesome Caroline Glad to hear you found a great group where you can have an impact Bet it feels great to be able to speak your truth and stand up for what's right Want to tell me a bit more about it,0.0009,0.0000,0.8845,0.0000,0.0000,0.0000,0.1146,0.0000,question,1,question,question(0.88),1
D10:4,Melanie,question,sent_punct,1,"That's awesome, Caroline!",0.0011,0.0000,0.0134,0.2232,0.0000,0.0000,0.7623,0.0001,social,0,social+confirm,social(0.76) confirm(0.22),0
D10:4,Melanie,question,sent_punct,2,Glad to hear you found a great group where you can have an impact.,0.0091,0.0000,0.0015,0.0002,0.0000,0.0028,0.9732,0.0132,social,0,social,social(0.97),0
D10:4,Melanie,question,sent_punct,3,Bet it feels great to be able to speak your truth and stand up for what's right.,0.2525,0.0002,0.5877,0.1100,0.0041,0.0104,0.0341,0.0009,question,1,question+inform,question(0.59) inform(0.25),1
D10:4,Melanie,question,sent_punct,4,Want to tell me a bit more about it?,0.0007,0.0105,0.8027,0.0001,0.0005,0.0008,0.1847,0.0000,question,1,question,question(0.80),1
D10:4,Melanie,question,sent_nopunct,1,That's awesome Caroline,0.0006,0.0002,0.2235,0.5373,0.0000,0.0027,0.2356,0.0001,confirm,0,confirm+social+question,confirm(0.54) social(0.24) question(0.22),1
D10:4,Melanie,question,sent_nopunct,2,Glad to hear you found a great group where you can have an impact,0.0522,0.0000,0.0059,0.0003,0.0000,0.0019,0.9320,0.0076,social,0,social,social(0.93),0
D10:4,Melanie,question,sent_nopunct,3,Bet it feels great to be able to speak your truth and stand up for what's right,0.5574,0.0002,0.3932,0.0269,0.0021,0.0047,0.0140,0.0015,inform,0,inform+question,inform(0.56) question(0.39),1
D10:4,Melanie,question,sent_nopunct,4,Want to tell me a bit more about it,0.0009,0.0003,0.7970,0.0000,0.0000,0.0003,0.2014,0.0000,question,1,question+social,question(0.80) social(0.20),1
D10:5,Caroline,inform,whole_punct,0,"Thanks, Melanie! It's awesome to have our own platform to be ourselves and support others' rights. Our group, 'Connected LGBTQ Activists', is made of all kinds of people investing in positive changes. We have regular meetings, plan events and campaigns, to get together and support each other.",0.9137,0.0001,0.0124,0.0001,0.0000,0.0001,0.0735,0.0001,inform,1,inform,inform(0.91),1
D10:5,Caroline,inform,whole_nopunct,0,Thanks Melanie It's awesome to have our own platform to be ourselves and support others' rights Our group 'Connected LGBTQ Activists' is made of all kinds of people investing in positive changes We have regular meetings plan events and campaigns to get together and support each other,0.9714,0.0000,0.0065,0.0000,0.0000,0.0000,0.0220,0.0000,inform,1,inform,inform(0.97),1
D10:5,Caroline,inform,sent_punct,1,"Thanks, Melanie!",0.0000,0.0000,0.0005,0.0056,0.0001,0.0000,0.9937,0.0000,social,0,social,social(0.99),0
D10:5,Caroline,inform,sent_punct,2,It's awesome to have our own platform to be ourselves and support others' rights.,0.3646,0.0024,0.0159,0.0146,0.0082,0.0042,0.5871,0.0030,social,0,social+inform,social(0.59) inform(0.36),1
D10:5,Caroline,inform,sent_punct,3,"Our group, 'Connected LGBTQ Activists', is made of all kinds of people investing in positive changes.",0.9564,0.0000,0.0428,0.0000,0.0000,0.0000,0.0007,0.0000,inform,1,inform,inform(0.96),1
D10:5,Caroline,inform,sent_punct,4,"We have regular meetings, plan events and campaigns, to get together and support each other.",0.7413,0.0297,0.1991,0.0000,0.0000,0.0000,0.0297,0.0002,inform,1,inform,inform(0.74),1
D10:5,Caroline,inform,sent_nopunct,1,Thanks Melanie,0.0002,0.0001,0.0031,0.0307,0.0007,0.0002,0.9649,0.0000,social,0,social,social(0.96),0
D10:5,Caroline,inform,sent_nopunct,2,It's awesome to have our own platform to be ourselves and support others' rights,0.5991,0.0026,0.0118,0.0038,0.0110,0.0008,0.3686,0.0024,inform,1,inform+social,inform(0.60) social(0.37),1
D10:5,Caroline,inform,sent_nopunct,3,Our group 'Connected LGBTQ Activists' is made of all kinds of people investing in positive changes,0.9810,0.0000,0.0187,0.0000,0.0000,0.0000,0.0003,0.0000,inform,1,inform,inform(0.98),1
D10:5,Caroline,inform,sent_nopunct,4,We have regular meetings plan events and campaigns to get together and support each other,0.6795,0.0214,0.2786,0.0000,0.0000,0.0000,0.0198,0.0007,inform,1,inform+question,inform(0.68) question(0.28),1
D10:6,Melanie,question,whole_punct,0,"Wow, Caroline, your group sounds awesome! Supporting each other and making good things happen - that's so inspiring! Have you been part of any events or campaigns lately?",0.0002,0.0000,0.5569,0.0000,0.0000,0.0000,0.4429,0.0000,question,1,question+social,question(0.56) social(0.44),1
D10:6,Melanie,question,whole_nopunct,0,Wow Caroline your group sounds awesome Supporting each other and making good things happen - that's so inspiring Have you been part of any events or campaigns lately,0.0000,0.0001,0.8271,0.0000,0.0000,0.0000,0.1728,0.0000,question,1,question,question(0.83),1
D10:6,Melanie,question,sent_punct,1,"Wow, Caroline, your group sounds awesome!",0.0072,0.0000,0.0130,0.0044,0.0000,0.0000,0.9753,0.0001,social,0,social,social(0.98),0
D10:6,Melanie,question,sent_punct,2,Supporting each other and making good things happen - that's so inspiring!,0.2767,0.0000,0.0040,0.0141,0.0000,0.0000,0.7050,0.0002,social,0,social+inform,social(0.70) inform(0.28),0
D10:6,Melanie,question,sent_punct,3,Have you been part of any events or campaigns lately?,0.0000,0.0581,0.9366,0.0000,0.0000,0.0000,0.0053,0.0000,question,1,question,question(0.94),1
D10:6,Melanie,question,sent_nopunct,1,Wow Caroline your group sounds awesome,0.0069,0.0000,0.0055,0.0012,0.0000,0.0000,0.9859,0.0005,social,0,social,social(0.99),0
D10:6,Melanie,question,sent_nopunct,2,Supporting each other and making good things happen - that's so inspiring,0.6183,0.0000,0.0023,0.0030,0.0000,0.0000,0.3763,0.0001,inform,0,inform+social,inform(0.62) social(0.38),0
D10:6,Melanie,question,sent_nopunct,3,Have you been part of any events or campaigns lately,0.0000,0.0052,0.9781,0.0000,0.0000,0.0000,0.0167,0.0000,question,1,question,question(0.98),1
D10:7,Caroline,inform,whole_punct,0,"Last weekend our city held a pride parade! So many people marched through the streets waving flags, holding signs and celebrating love and diversity. I missed it but it was a powerful reminder that we are not alone in this fight for equality and inclusivity. Change is possible!",0.5816,0.0002,0.0273,0.0005,0.0061,0.0000,0.3843,0.0000,inform,1,inform+social,inform(0.58) social(0.38),1
D10:7,Caroline,inform,whole_nopunct,0,Last weekend our city held a pride parade So many people marched through the streets waving flags holding signs and celebrating love and diversity I missed it but it was a powerful reminder that we are not alone in this fight for equality and inclusivity Change is possible,0.7278,0.0012,0.0335,0.0015,0.0654,0.0000,0.1706,0.0000,inform,1,inform,inform(0.73),1
D10:7,Caroline,inform,sent_punct,1,Last weekend our city held a pride parade!,0.0222,0.0103,0.0044,0.0010,0.0004,0.0000,0.9617,0.0000,social,0,social,social(0.96),0
D10:7,Caroline,inform,sent_punct,2,"So many people marched through the streets waving flags, holding signs and celebrating love and diversity.",0.4289,0.0002,0.2283,0.0006,0.0000,0.0000,0.3419,0.0000,inform,1,inform+social+question,inform(0.43) social(0.34) question(0.23),1
D10:7,Caroline,inform,sent_punct,3,I missed it but it was a powerful reminder that we are not alone in this fight for equality and inclusivity.,0.9202,0.0000,0.0306,0.0001,0.0002,0.0000,0.0489,0.0000,inform,1,inform,inform(0.92),1
D10:7,Caroline,inform,sent_punct,4,Change is possible!,0.0156,0.5929,0.0016,0.0700,0.0392,0.1840,0.0489,0.0477,request,0,request,request(0.59),0
D10:7,Caroline,inform,sent_nopunct,1,Last weekend our city held a pride parade,0.1502,0.0073,0.0120,0.0020,0.0049,0.0000,0.8234,0.0000,social,0,social,social(0.82),0
D10:7,Caroline,inform,sent_nopunct,2,So many people marched through the streets waving flags holding signs and celebrating love and diversity,0.3892,0.0001,0.2581,0.0005,0.0000,0.0000,0.3521,0.0000,inform,1,inform+social+question,inform(0.39) social(0.35) question(0.26),1
D10:7,Caroline,inform,sent_nopunct,3,I missed it but it was a powerful reminder that we are not alone in this fight for equality and inclusivity,0.9574,0.0000,0.0123,0.0000,0.0001,0.0000,0.0301,0.0000,inform,1,inform,inform(0.96),1
D10:7,Caroline,inform,sent_nopunct,4,Change is possible,0.0431,0.4707,0.0015,0.1439,0.1538,0.0725,0.0160,0.0984,request,0,request,request(0.47),0
D10:8,Melanie,inform,whole_punct,0,"Wow, fantastic, Caroline! Bet the atmosphere was incredible. Oh yeah, we went to the beach recently. It was awesome! The kids had such a blast.",0.1740,0.0001,0.0078,0.0001,0.0000,0.0002,0.8175,0.0003,social,0,social,social(0.82),0
D10:8,Melanie,inform,whole_nopunct,0,Wow fantastic Caroline Bet the atmosphere was incredible Oh yeah we went to the beach recently It was awesome The kids had such a blast,0.2339,0.0000,0.0125,0.0000,0.0000,0.0000,0.7536,0.0000,social,0,social+inform,social(0.75) inform(0.23),1
D10:8,Melanie,inform,sent_punct,1,"Wow, fantastic, Caroline!",0.0013,0.0004,0.2021,0.0222,0.0000,0.0006,0.7733,0.0001,social,0,social+question,social(0.77) question(0.20),0
D10:8,Melanie,inform,sent_punct,2,Bet the atmosphere was incredible.,0.2048,0.0001,0.1578,0.0101,0.0000,0.0002,0.6236,0.0034,social,0,social+inform,social(0.62) inform(0.20),1
D10:8,Melanie,inform,sent_punct,3,"Oh yeah, we went to the beach recently.",0.2147,0.0419,0.0177,0.0002,0.0001,0.0000,0.7253,0.0001,social,0,social+inform,social(0.73) inform(0.21),1
D10:8,Melanie,inform,sent_punct,4,It was awesome!,0.0006,0.0000,0.0000,0.3631,0.0000,0.0000,0.6361,0.0002,social,0,social+confirm,social(0.64) confirm(0.36),0
D10:8,Melanie,inform,sent_punct,5,The kids had such a blast.,0.0037,0.0000,0.0005,0.0000,0.0000,0.0000,0.9958,0.0000,social,0,social,social(1.00),0
D10:8,Melanie,inform,sent_nopunct,1,Wow fantastic Caroline,0.0012,0.0014,0.2225,0.0383,0.0000,0.0067,0.7294,0.0005,social,0,social+question,social(0.73) question(0.22),0
D10:8,Melanie,inform,sent_nopunct,2,Bet the atmosphere was incredible,0.3330,0.0004,0.1986,0.0031,0.0001,0.0002,0.4584,0.0061,social,0,social+inform,social(0.46) inform(0.33),1
D10:8,Melanie,inform,sent_nopunct,3,Oh yeah we went to the beach recently,0.3479,0.0291,0.0596,0.0000,0.0001,0.0000,0.5632,0.0000,social,0,social+inform,social(0.56) inform(0.35),1
D10:8,Melanie,inform,sent_nopunct,4,It was awesome,0.0033,0.0002,0.0001,0.5814,0.0027,0.0000,0.4113,0.0011,confirm,0,confirm+social,confirm(0.58) social(0.41),0
D10:8,Melanie,inform,sent_nopunct,5,The kids had such a blast,0.0173,0.0000,0.0012,0.0000,0.0000,0.0000,0.9815,0.0000,social,0,social,social(0.98),0
D10:9,Caroline,question,whole_punct,0,Sounds fun! What was the best part? Do you do it often with the kids?,0.0000,0.0000,0.9998,0.0000,0.0000,0.0000,0.0002,0.0000,question,1,question,question(1.00),1
D10:9,Caroline,question,whole_nopunct,0,Sounds fun What was the best part Do you do it often with the kids,0.0000,0.0000,0.9999,0.0000,0.0000,0.0000,0.0001,0.0000,question,1,question,question(1.00),1
D10:9,Caroline,question,sent_punct,1,Sounds fun!,0.0001,0.0000,0.0012,0.2800,0.0000,0.0002,0.5943,0.1242,social,0,social+confirm,social(0.59) confirm(0.28),0
D10:9,Caroline,question,sent_punct,2,What was the best part?,0.0000,0.0000,0.9998,0.0000,0.0000,0.0000,0.0002,0.0000,question,1,question,question(1.00),1
D10:9,Caroline,question,sent_punct,3,Do you do it often with the kids?,0.0000,0.0000,1.0000,0.0000,0.0000,0.0000,0.0000,0.0000,question,1,question,question(1.00),1
D10:9,Caroline,question,sent_nopunct,1,Sounds fun,0.0001,0.0001,0.0013,0.8829,0.0000,0.0002,0.0405,0.0749,confirm,0,confirm,confirm(0.88),0
D10:9,Caroline,question,sent_nopunct,2,What was the best part,0.0001,0.0000,0.9967,0.0000,0.0000,0.0000,0.0032,0.0000,question,1,question,question(1.00),1
D10:9,Caroline,question,sent_nopunct,3,Do you do it often with the kids,0.0001,0.0000,0.9998,0.0000,0.0000,0.0000,0.0001,0.0000,question,1,question,question(1.00),1
D10:10,Melanie,inform,whole_punct,0,"Seeing my kids' faces so happy at the beach was the best! We don't go often, usually only once or twice a year. But those times are always special to spend time together and chill.",0.9744,0.0001,0.0051,0.0000,0.0000,0.0000,0.0204,0.0000,inform,1,inform,inform(0.97),1
D10:10,Melanie,inform,whole_nopunct,0,Seeing my kids' faces so happy at the beach was the best We don't go often usually only once or twice a year But those times are always special to spend time together and chill,0.9785,0.0001,0.0106,0.0000,0.0000,0.0000,0.0109,0.0000,inform,1,inform,inform(0.98),1
D10:10,Melanie,inform,sent_punct,1,Seeing my kids' faces so happy at the beach was the best!,0.6086,0.0000,0.0117,0.0072,0.0000,0.0000,0.3724,0.0000,inform,1,inform+social,inform(0.61) social(0.37),1
D10:10,Melanie,inform,sent_punct,2,"We don't go often, usually only once or twice a year.",0.9552,0.0000,0.0427,0.0000,0.0000,0.0000,0.0021,0.0000,inform,1,inform,inform(0.96),1
D10:10,Melanie,inform,sent_punct,3,But those times are always special to spend time together and chill.,0.5468,0.0016,0.0098,0.0002,0.0004,0.0007,0.4400,0.0005,inform,1,inform+social,inform(0.55) social(0.44),1
D10:10,Melanie,inform,sent_nopunct,1,Seeing my kids' faces so happy at the beach was the best,0.9242,0.0000,0.0077,0.0003,0.0000,0.0000,0.0678,0.0000,inform,1,inform,inform(0.92),1
D10:10,Melanie,inform,sent_nopunct,2,We don't go often usually only once or twice a year,0.8370,0.0001,0.1547,0.0000,0.0000,0.0000,0.0081,0.0000,inform,1,inform,inform(0.84),1
D10:10,Melanie,inform,sent_nopunct,3,But those times are always special to spend time together and chill,0.6375,0.0017,0.0077,0.0001,0.0003,0.0005,0.3518,0.0003,inform,1,inform+social,inform(0.64) social(0.35),1
D10:11,Caroline,question,whole_punct,0,"Sounds special, those beach trips! Do you have any other summer traditions you all do together? Create those memories!",0.0265,0.0000,0.7947,0.0000,0.0000,0.0000,0.1787,0.0001,question,1,question,question(0.79),1
D10:11,Caroline,question,whole_nopunct,0,Sounds special those beach trips Do you have any other summer traditions you all do together Create those memories,0.0016,0.0000,0.9526,0.0000,0.0000,0.0000,0.0457,0.0000,question,1,question,question(0.95),1
D10:11,Caroline,question,sent_punct,1,"Sounds special, those beach trips!",0.0285,0.0002,0.0064,0.2036,0.0000,0.0006,0.7589,0.0019,social,0,social+confirm,social(0.76) confirm(0.20),0
D10:11,Caroline,question,sent_punct,2,Do you have any other summer traditions you all do together?,0.0001,0.0001,0.9989,0.0000,0.0000,0.0000,0.0009,0.0000,question,1,question,question(1.00),1
D10:11,Caroline,question,sent_punct,3,Create those memories!,0.0017,0.0002,0.0013,0.0005,0.0000,0.0605,0.1066,0.8292,status,0,status,status(0.83),0
D10:11,Caroline,question,sent_nopunct,1,Sounds special those beach trips,0.1003,0.0008,0.0385,0.7166,0.0001,0.0119,0.1257,0.0062,confirm,0,confirm,confirm(0.72),0
D10:11,Caroline,question,sent_nopunct,2,Do you have any other summer traditions you all do together,0.0003,0.0000,0.9987,0.0000,0.0000,0.0000,0.0010,0.0000,question,1,question,question(1.00),1
D10:11,Caroline,question,sent_nopunct,3,Create those memories,0.0101,0.0006,0.0029,0.0034,0.0001,0.1447,0.2271,0.6111,status,0,status+social,status(0.61) social(0.23),0
D10:12,Melanie,inform,whole_punct,0,"We always look forward to our family camping trip. We roast marshmallows, tell stories around the campfire and just enjoy each other's company. It's the highlight of our summer!",0.0951,0.0000,0.0030,0.0000,0.0000,0.0000,0.9019,0.0000,social,0,social,social(0.90),0
D10:12,Melanie,inform,whole_nopunct,0,We always look forward to our family camping trip We roast marshmallows tell stories around the campfire and just enjoy each other's company It's the highlight of our summer,0.2465,0.0000,0.0018,0.0000,0.0000,0.0000,0.7516,0.0000,social,0,social+inform,social(0.75) inform(0.25),1
D10:12,Melanie,inform,sent_punct,1,We always look forward to our family camping trip.,0.0052,0.0187,0.7845,0.0004,0.0002,0.0005,0.1905,0.0000,question,0,question,question(0.78),0
D10:12,Melanie,inform,sent_punct,2,"We roast marshmallows, tell stories around the campfire and just enjoy each other's company.",0.7884,0.0000,0.0089,0.0000,0.0000,0.0000,0.2026,0.0000,inform,1,inform+social,inform(0.79) social(0.20),1
D10:12,Melanie,inform,sent_punct,3,It's the highlight of our summer!,0.0040,0.0000,0.0014,0.0000,0.0000,0.0000,0.9945,0.0000,social,0,social,social(0.99),0
D10:12,Melanie,inform,sent_nopunct,1,We always look forward to our family camping trip,0.0561,0.0356,0.6153,0.0006,0.0026,0.0003,0.2894,0.0001,question,0,question+social,question(0.62) social(0.29),0
D10:12,Melanie,inform,sent_nopunct,2,We roast marshmallows tell stories around the campfire and just enjoy each other's company,0.6022,0.0000,0.0094,0.0000,0.0000,0.0000,0.3884,0.0000,inform,1,inform+social,inform(0.60) social(0.39),1
D10:12,Melanie,inform,sent_nopunct,3,It's the highlight of our summer,0.0667,0.0000,0.0041,0.0000,0.0000,0.0000,0.9292,0.0000,social,0,social,social(0.93),0
D10:13,Caroline,question,whole_punct,0,"Wow, Mel, that's awesome! What's your best camping memory?",0.0004,0.0000,0.6362,0.0000,0.0000,0.0000,0.3634,0.0000,question,1,question+social,question(0.64) social(0.36),1
D10:13,Caroline,question,whole_nopunct,0,Wow Mel that's awesome What's your best camping memory,0.0001,0.0000,0.8943,0.0000,0.0000,0.0000,0.1056,0.0000,question,1,question,question(0.89),1
D10:13,Caroline,question,sent_punct,1,"Wow, Mel, that's awesome!",0.0016,0.0000,0.0019,0.0447,0.0000,0.0000,0.9517,0.0001,social,0,social,social(0.95),0
D10:13,Caroline,question,sent_punct,2,What's your best camping memory?,0.0000,0.0000,0.9999,0.0000,0.0000,0.0000,0.0001,0.0000,question,1,question,question(1.00),1
D10:13,Caroline,question,sent_nopunct,1,Wow Mel that's awesome,0.0036,0.0000,0.0007,0.0169,0.0001,0.0000,0.9784,0.0003,social,0,social,social(0.98),0
D10:13,Caroline,question,sent_nopunct,2,What's your best camping memory,0.0002,0.0000,0.9983,0.0000,0.0000,0.0000,0.0016,0.0000,question,1,question,question(1.00),1
D10:14,Melanie,inform,whole_punct,0,I'll always remember our camping trip last year when we saw the Perseid meteor shower. It was so amazing lying there and watching the sky light up with streaks of light. We all made wishes and felt so at one with the universe. That's a memory I'll never forget.,0.6502,0.0000,0.0028,0.0000,0.0000,0.0000,0.3470,0.0000,inform,1,inform+social,inform(0.65) social(0.35),1
D10:14,Melanie,inform,whole_nopunct,0,I'll always remember our camping trip last year when we saw the Perseid meteor shower It was so amazing lying there and watching the sky light up with streaks of light We all made wishes and felt so at one with the universe That's a memory I'll never forget,0.7158,0.0000,0.0040,0.0000,0.0000,0.0000,0.2802,0.0000,inform,1,inform+social,inform(0.72) social(0.28),1
D10:14,Melanie,inform,sent_punct,1,I'll always remember our camping trip last year when we saw the Perseid meteor shower.,0.9666,0.0000,0.0033,0.0000,0.0000,0.0000,0.0302,0.0000,inform,1,inform,inform(0.97),1
D10:14,Melanie,inform,sent_punct,2,It was so amazing lying there and watching the sky light up with streaks of light.,0.8206,0.0000,0.0013,0.0000,0.0000,0.0000,0.1781,0.0000,inform,1,inform,inform(0.82),1
D10:14,Melanie,inform,sent_punct,3,We all made wishes and felt so at one with the universe.,0.2937,0.0000,0.0346,0.0003,0.0000,0.0000,0.6714,0.0000,social,0,social+inform,social(0.67) inform(0.29),1
D10:14,Melanie,inform,sent_punct,4,That's a memory I'll never forget.,0.2697,0.0000,0.0169,0.0007,0.0001,0.0000,0.7126,0.0000,social,0,social+inform,social(0.71) inform(0.27),1
D10:14,Melanie,inform,sent_nopunct,1,I'll always remember our camping trip last year when we saw the Perseid meteor shower,0.9739,0.0000,0.0017,0.0000,0.0000,0.0000,0.0244,0.0000,inform,1,inform,inform(0.97),1
D10:14,Melanie,inform,sent_nopunct,2,It was so amazing lying there and watching the sky light up with streaks of light,0.8562,0.0000,0.0016,0.0000,0.0000,0.0000,0.1421,0.0000,inform,1,inform,inform(0.86),1
D10:14,Melanie,inform,sent_nopunct,3,We all made wishes and felt so at one with the universe,0.4298,0.0000,0.0146,0.0001,0.0000,0.0000,0.5555,0.0000,social,0,social+inform,social(0.56) inform(0.43),1
D10:14,Melanie,inform,sent_nopunct,4,That's a memory I'll never forget,0.8405,0.0000,0.0084,0.0001,0.0001,0.0000,0.1509,0.0000,inform,1,inform,inform(0.84),1
D10:15,Caroline,question,whole_punct,0,Cool! What did it look like?,0.0010,0.0044,0.8885,0.0000,0.0000,0.0015,0.1044,0.0001,question,1,question,question(0.89),1
D10:15,Caroline,question,whole_nopunct,0,Cool What did it look like,0.0083,0.0018,0.9014,0.0000,0.0000,0.0007,0.0877,0.0000,question,1,question,question(0.90),1
D10:15,Caroline,question,sent_punct,1,Cool!,0.0003,0.0001,0.0001,0.5149,0.0000,0.0006,0.4615,0.0226,confirm,0,confirm+social,confirm(0.51) social(0.46),0
D10:15,Caroline,question,sent_punct,2,What did it look like?,0.0143,0.0172,0.9680,0.0000,0.0000,0.0001,0.0003,0.0000,question,1,question,question(0.97),1
D10:15,Caroline,question,sent_nopunct,1,Cool,0.0001,0.0004,0.0000,0.9848,0.0001,0.0011,0.0121,0.0014,confirm,0,confirm,confirm(0.98),0
D10:15,Caroline,question,sent_nopunct,2,What did it look like,0.0323,0.0078,0.9508,0.0000,0.0000,0.0002,0.0087,0.0002,question,1,question,question(0.95),1
D10:16,Melanie,inform,whole_punct,0,"The sky was so clear and filled with stars, and the meteor shower was amazing - it felt like we were part of something huge and awe-inspiring.",0.9103,0.0000,0.0161,0.0000,0.0000,0.0000,0.0736,0.0000,inform,1,inform,inform(0.91),1
D10:16,Melanie,inform,whole_nopunct,0,The sky was so clear and filled with stars and the meteor shower was amazing - it felt like we were part of something huge and awe-inspiring,0.8173,0.0000,0.0104,0.0000,0.0000,0.0000,0.1722,0.0000,inform,1,inform,inform(0.82),1
D10:16,Melanie,inform,sent_punct,1,"The sky was so clear and filled with stars, and the meteor shower was amazing - it felt like we were part of something huge and awe-inspiring.",0.9103,0.0000,0.0161,0.0000,0.0000,0.0000,0.0736,0.0000,inform,1,inform,inform(0.91),1
D10:16,Melanie,inform,sent_nopunct,1,The sky was so clear and filled with stars and the meteor shower was amazing - it felt like we were part of something huge and awe-inspiring,0.8173,0.0000,0.0104,0.0000,0.0000,0.0000,0.1722,0.0000,inform,1,inform,inform(0.82),1
D10:17,Caroline,social,whole_punct,0,"Wow, Mel. That must've been breathtaking!",0.0033,0.0000,0.0605,0.0056,0.0000,0.0001,0.9303,0.0002,social,1,social,social(0.93),1
D10:17,Caroline,social,whole_nopunct,0,Wow Mel That must've been breathtaking,0.0207,0.0000,0.0161,0.0052,0.0000,0.0001,0.9575,0.0004,social,1,social,social(0.96),1
D10:17,Caroline,social,sent_punct,1,"Wow, Mel.",0.0004,0.0002,0.0238,0.0028,0.0000,0.0019,0.9708,0.0001,social,1,social,social(0.97),1
D10:17,Caroline,social,sent_punct,2,That must've been breathtaking!,0.0124,0.0002,0.1420,0.1710,0.0000,0.0002,0.6718,0.0024,social,1,social,social(0.67),1
D10:17,Caroline,social,sent_nopunct,1,Wow Mel,0.0025,0.0091,0.0148,0.0128,0.0002,0.0378,0.9215,0.0014,social,1,social,social(0.92),1
D10:17,Caroline,social,sent_nopunct,2,That must've been breathtaking,0.1240,0.0004,0.0198,0.1276,0.0006,0.0004,0.7223,0.0049,social,1,social,social(0.72),1
D10:18,Melanie,inform,whole_punct,0,It was one of those moments where I felt tiny and in awe of the universe. Reminds me how awesome life is - so many little moments like that.,0.7598,0.0000,0.0388,0.0003,0.0000,0.0000,0.2011,0.0000,inform,1,inform+social,inform(0.76) social(0.20),1
D10:18,Melanie,inform,whole_nopunct,0,It was one of those moments where I felt tiny and in awe of the universe Reminds me how awesome life is - so many little moments like that,0.7527,0.0000,0.0714,0.0003,0.0000,0.0000,0.1755,0.0000,inform,1,inform,inform(0.75),1
D10:18,Melanie,inform,sent_punct,1,It was one of those moments where I felt tiny and in awe of the universe.,0.5505,0.0000,0.0042,0.0000,0.0000,0.0000,0.4453,0.0000,inform,1,inform+social,inform(0.55) social(0.45),1
D10:18,Melanie,inform,sent_punct,2,Reminds me how awesome life is - so many little moments like that.,0.8416,0.0000,0.0230,0.0028,0.0001,0.0001,0.1325,0.0000,inform,1,inform,inform(0.84),1
D10:18,Melanie,inform,sent_nopunct,1,It was one of those moments where I felt tiny and in awe of the universe,0.5270,0.0000,0.0027,0.0000,0.0000,0.0000,0.4703,0.0000,inform,1,inform+social,inform(0.53) social(0.47),1
D10:18,Melanie,inform,sent_nopunct,2,Reminds me how awesome life is - so many little moments like that,0.8175,0.0000,0.0450,0.0012,0.0000,0.0000,0.1362,0.0000,inform,1,inform,inform(0.82),1
D10:19,Caroline,question,whole_punct,0,"That's great, Mel! What other good memories do you have that make you feel thankful for life?",0.0008,0.0000,0.3429,0.0000,0.0000,0.0003,0.6560,0.0000,social,0,social+question,social(0.66) question(0.34),1
D10:19,Caroline,question,whole_nopunct,0,That's great Mel What other good memories do you have that make you feel thankful for life,0.0024,0.0000,0.5089,0.0000,0.0000,0.0001,0.4885,0.0000,question,1,question+social,question(0.51) social(0.49),1
D10:19,Caroline,question,sent_punct,1,"That's great, Mel!",0.0005,0.0000,0.0066,0.1027,0.0000,0.0000,0.8899,0.0002,social,0,social,social(0.89),0
D10:19,Caroline,question,sent_punct,2,What other good memories do you have that make you feel thankful for life?,0.0074,0.0000,0.9179,0.0000,0.0000,0.0000,0.0747,0.0000,question,1,question,question(0.92),1
D10:19,Caroline,question,sent_nopunct,1,That's great Mel,0.0001,0.0002,0.0032,0.7936,0.0000,0.0002,0.2027,0.0000,confirm,0,confirm+social,confirm(0.79) social(0.20),0
D10:19,Caroline,question,sent_nopunct,2,What other good memories do you have that make you feel thankful for life,0.0218,0.0000,0.8863,0.0000,0.0000,0.0000,0.0918,0.0000,question,1,question,question(0.89),1
D10:20,Melanie,inform,whole_punct,0,I'll never forget the day my youngest took her first steps. Seeing her wobble as she took those initial steps really put into perspective how fleeting life is and how lucky I am to be able to share these moments.,0.7300,0.0000,0.0017,0.0000,0.0000,0.0000,0.2682,0.0000,inform,1,inform+social,inform(0.73) social(0.27),1
D10:20,Melanie,inform,whole_nopunct,0,I'll never forget the day my youngest took her first steps Seeing her wobble as she took those initial steps really put into perspective how fleeting life is and how lucky I am to be able to share these moments,0.7903,0.0000,0.0015,0.0000,0.0000,0.0000,0.2082,0.0000,inform,1,inform+social,inform(0.79) social(0.21),1
D10:20,Melanie,inform,sent_punct,1,I'll never forget the day my youngest took her first steps.,0.5781,0.0000,0.0757,0.0000,0.0000,0.0000,0.3462,0.0000,inform,1,inform+social,inform(0.58) social(0.35),1
D10:20,Melanie,inform,sent_punct,2,Seeing her wobble as she took those initial steps really put into perspective how fleeting life is and how lucky I am to be able to share these moments.,0.7583,0.0000,0.0027,0.0000,0.0000,0.0000,0.2390,0.0000,inform,1,inform+social,inform(0.76) social(0.24),1
D10:20,Melanie,inform,sent_nopunct,1,I'll never forget the day my youngest took her first steps,0.8254,0.0000,0.0389,0.0000,0.0000,0.0000,0.1356,0.0000,inform,1,inform,inform(0.83),1
D10:20,Melanie,inform,sent_nopunct,2,Seeing her wobble as she took those initial steps really put into perspective how fleeting life is and how lucky I am to be able to share these moments,0.7991,0.0000,0.0019,0.0000,0.0000,0.0000,0.1991,0.0000,inform,1,inform,inform(0.80),1
D10:21,Caroline,social,whole_punct,0,"Aw, that's sweet, Mel! Those milestones are great reminders of how special our bonds are.",0.3696,0.0000,0.0394,0.0000,0.0000,0.0000,0.5909,0.0000,social,1,social+inform,social(0.59) inform(0.37),1
D10:21,Caroline,social,whole_nopunct,0,Aw that's sweet Mel Those milestones are great reminders of how special our bonds are,0.5220,0.0000,0.0167,0.0000,0.0000,0.0000,0.4612,0.0001,inform,0,inform+social,inform(0.52) social(0.46),1
D10:21,Caroline,social,sent_punct,1,"Aw, that's sweet, Mel!",0.0150,0.0000,0.1216,0.0021,0.0000,0.0000,0.8613,0.0000,social,1,social,social(0.86),1
D10:21,Caroline,social,sent_punct,2,Those milestones are great reminders of how special our bonds are.,0.8446,0.0000,0.0522,0.0002,0.0000,0.0000,0.1029,0.0001,inform,0,inform,inform(0.84),0
D10:21,Caroline,social,sent_nopunct,1,Aw that's sweet Mel,0.0281,0.0000,0.1279,0.0039,0.0000,0.0004,0.8396,0.0000,social,1,social,social(0.84),1
D10:21,Caroline,social,sent_nopunct,2,Those milestones are great reminders of how special our bonds are,0.9444,0.0000,0.0152,0.0001,0.0000,0.0000,0.0402,0.0001,inform,0,inform,inform(0.94),0
D10:22,Melanie,confirm,whole_punct,0,"Yeah, they sure are. It's special moments like these that make me appreciate life and how lucky I am to be with my family and have our love.",0.3003,0.0000,0.0003,0.0000,0.0000,0.0000,0.6994,0.0000,social,0,social+inform,social(0.70) inform(0.30),0
D10:22,Melanie,confirm,whole_nopunct,0,Yeah they sure are It's special moments like these that make me appreciate life and how lucky I am to be with my family and have our love,0.6210,0.0000,0.0001,0.0000,0.0000,0.0000,0.3789,0.0000,inform,0,inform+social,inform(0.62) social(0.38),0
D10:22,Melanie,confirm,sent_punct,1,"Yeah, they sure are.",0.0534,0.0039,0.0155,0.2433,0.0002,0.0007,0.4335,0.2495,social,0,social+status+confirm,social(0.43) status(0.25) confirm(0.24),1
D10:22,Melanie,confirm,sent_punct,2,It's special moments like these that make me appreciate life and how lucky I am to be with my family and have our love.,0.3231,0.0000,0.0005,0.0000,0.0000,0.0000,0.6764,0.0000,social,0,social+inform,social(0.68) inform(0.32),0
D10:22,Melanie,confirm,sent_nopunct,1,Yeah they sure are,0.3534,0.0035,0.0178,0.0471,0.0021,0.0008,0.0678,0.5075,status,0,status+inform,status(0.51) inform(0.35),0
D10:22,Melanie,confirm,sent_nopunct,2,It's special moments like these that make me appreciate life and how lucky I am to be with my family and have our love,0.5011,0.0000,0.0003,0.0000,0.0000,0.0000,0.4986,0.0000,inform,0,inform+social,inform(0.50) social(0.50),0
D10:23,Caroline,social,whole_punct,0,"Wow, Melanie, what a beautiful moment! Lucky you to have such an awesome family!",0.0041,0.0000,0.0011,0.0000,0.0000,0.0000,0.9947,0.0000,social,1,social,social(0.99),1
D10:23,Caroline,social,whole_nopunct,0,Wow Melanie what a beautiful moment Lucky you to have such an awesome family,0.0043,0.0000,0.0057,0.0000,0.0000,0.0000,0.9900,0.0000,social,1,social,social(0.99),1
D10:23,Caroline,social,sent_punct,1,"Wow, Melanie, what a beautiful moment!",0.0079,0.0001,0.0164,0.0045,0.0000,0.0014,0.9681,0.0017,social,1,social,social(0.97),1
D10:23,Caroline,social,sent_punct,2,Lucky you to have such an awesome family!,0.0014,0.0000,0.0005,0.0001,0.0000,0.0000,0.9980,0.0000,social,1,social,social(1.00),1
D10:23,Caroline,social,sent_nopunct,1,Wow Melanie what a beautiful moment,0.0087,0.0002,0.0052,0.0024,0.0007,0.0009,0.9775,0.0045,social,1,social,social(0.98),1
D10:23,Caroline,social,sent_nopunct,2,Lucky you to have such an awesome family,0.0034,0.0000,0.0005,0.0000,0.0000,0.0000,0.9960,0.0000,social,1,social,social(1.00),1
D10:24,Melanie,social,whole_punct,0,"Thanks, Caroline! I'm really lucky to have my family; they bring so much joy and love.",0.0161,0.0000,0.0000,0.0000,0.0000,0.0000,0.9838,0.0000,social,1,social,social(0.98),1
D10:24,Melanie,social,whole_nopunct,0,Thanks Caroline I'm really lucky to have my family they bring so much joy and love,0.0527,0.0000,0.0001,0.0000,0.0000,0.0000,0.9473,0.0000,social,1,social,social(0.95),1
D10:24,Melanie,social,sent_punct,1,"Thanks, Caroline!",0.0001,0.0001,0.0082,0.0169,0.0001,0.0000,0.9747,0.0000,social,1,social,social(0.97),1
D10:24,Melanie,social,sent_punct,2,I'm really lucky to have my family; they bring so much joy and love.,0.0219,0.0000,0.0000,0.0000,0.0000,0.0000,0.9781,0.0000,social,1,social,social(0.98),1
D10:24,Melanie,social,sent_nopunct,1,Thanks Caroline,0.0005,0.0004,0.3907,0.0889,0.0002,0.0004,0.5189,0.0000,social,1,social+question,social(0.52) question(0.39),1
D10:24,Melanie,social,sent_nopunct,2,I'm really lucky to have my family they bring so much joy and love,0.0654,0.0000,0.0000,0.0000,0.0000,0.0000,0.9346,0.0000,social,1,social,social(0.93),1
D11:1,Melanie,inform,whole_punct,0,"Hey Caroline! Last night was amazing! We celebrated my daughter's birthday with a concert surrounded by music, joy and the warm summer breeze. Seeing my kids' smiles was so awesome, and I'm so thankful for our special moments together.",0.2806,0.0000,0.0017,0.0000,0.0000,0.0000,0.7177,0.0000,social,0,social+inform,social(0.72) inform(0.28),1
D11:1,Melanie,inform,whole_nopunct,0,Hey Caroline Last night was amazing We celebrated my daughter's birthday with a concert surrounded by music joy and the warm summer breeze Seeing my kids' smiles was so awesome and I'm so thankful for our special moments together,0.4007,0.0000,0.0011,0.0000,0.0000,0.0000,0.5982,0.0000,social,0,social+inform,social(0.60) inform(0.40),1
D11:1,Melanie,inform,sent_punct,1,Hey Caroline!,0.0015,0.0008,0.5649,0.0033,0.0001,0.0000,0.4295,0.0000,question,0,question+social,question(0.56) social(0.43),0
D11:1,Melanie,inform,sent_punct,2,Last night was amazing!,0.1417,0.0000,0.0002,0.0005,0.0000,0.0000,0.8576,0.0000,social,0,social,social(0.86),0
D11:1,Melanie,inform,sent_punct,3,"We celebrated my daughter's birthday with a concert surrounded by music, joy and the warm summer breeze.",0.5792,0.0002,0.0279,0.0000,0.0000,0.0000,0.3927,0.0000,inform,1,inform+social,inform(0.58) social(0.39),1
D11:1,Melanie,inform,sent_punct,4,"Seeing my kids' smiles was so awesome, and I'm so thankful for our special moments together.",0.2145,0.0000,0.0001,0.0000,0.0000,0.0000,0.7854,0.0000,social,0,social+inform,social(0.79) inform(0.21),1
D11:1,Melanie,inform,sent_nopunct,1,Hey Caroline,0.0006,0.0089,0.7435,0.0137,0.0001,0.0002,0.2330,0.0000,question,0,question+social,question(0.74) social(0.23),0
D11:1,Melanie,inform,sent_nopunct,2,Last night was amazing,0.4812,0.0000,0.0005,0.0028,0.0000,0.0000,0.5154,0.0000,social,0,social+inform,social(0.52) inform(0.48),1
D11:1,Melanie,inform,sent_nopunct,3,We celebrated my daughter's birthday with a concert surrounded by music joy and the warm summer breeze,0.5791,0.0001,0.0181,0.0000,0.0000,0.0000,0.4027,0.0000,inform,1,inform+social,inform(0.58) social(0.40),1
D11:1,Melanie,inform,sent_nopunct,4,Seeing my kids' smiles was so awesome and I'm so thankful for our special moments together,0.4035,0.0000,0.0001,0.0000,0.0000,0.0000,0.5964,0.0000,social,0,social+inform,social(0.60) inform(0.40),1
D11:2,Caroline,question,whole_punct,0,"Wow, sounds wonderful! Your love for your kids is so awesome. What concert was it? The advocacy event was a cool experience - so much love and support, amazing!",0.3378,0.0001,0.0919,0.0008,0.0000,0.0021,0.5544,0.0129,social,0,social+inform,social(0.55) inform(0.34),0
D11:2,Caroline,question,whole_nopunct,0,Wow sounds wonderful Your love for your kids is so awesome What concert was it The advocacy event was a cool experience - so much love and support amazing,0.2491,0.0001,0.0495,0.0002,0.0000,0.0001,0.7006,0.0004,social,0,social+inform,social(0.70) inform(0.25),0
D11:2,Caroline,question,sent_punct,1,"Wow, sounds wonderful!",0.0003,0.0000,0.0002,0.8856,0.0000,0.0000,0.1121,0.0018,confirm,0,confirm,confirm(0.89),0
D11:2,Caroline,question,sent_punct,2,Your love for your kids is so awesome.,0.0094,0.0000,0.0110,0.0093,0.0000,0.0000,0.9703,0.0000,social,0,social,social(0.97),0
D11:2,Caroline,question,sent_punct,3,What concert was it?,0.0037,0.9939,0.0024,0.0000,0.0000,0.0000,0.0000,0.0000,request,0,request,request(0.99),0
D11:2,Caroline,question,sent_punct,4,"The advocacy event was a cool experience - so much love and support, amazing!",0.0977,0.0000,0.0010,0.0369,0.0000,0.0000,0.8644,0.0000,social,0,social,social(0.86),0
D11:2,Caroline,question,sent_nopunct,1,Wow sounds wonderful,0.0032,0.0004,0.0005,0.8874,0.0000,0.0000,0.0853,0.0231,confirm,0,confirm,confirm(0.89),0
D11:2,Caroline,question,sent_nopunct,2,Your love for your kids is so awesome,0.1950,0.0000,0.0346,0.0202,0.0002,0.0000,0.7499,0.0000,social,0,social,social(0.75),0
D11:2,Caroline,question,sent_nopunct,3,What concert was it,0.2227,0.7611,0.0145,0.0000,0.0000,0.0000,0.0013,0.0005,request,0,request+inform,request(0.76) inform(0.22),0
D11:2,Caroline,question,sent_nopunct,4,The advocacy event was a cool experience - so much love and support amazing,0.1013,0.0000,0.0007,0.0181,0.0000,0.0000,0.8799,0.0000,social,0,social,social(0.88),0
D11:3,Melanie,inform,whole_punct,0,"Thanks, Caroline! It was Matt Patterson, he is so talented! His voice and songs were amazing. What's up with you? Anything interesting going on?",0.0006,0.3440,0.4754,0.0000,0.0000,0.0000,0.1800,0.0000,question,0,question+request,question(0.48) request(0.34),0
D11:3,Melanie,inform,whole_nopunct,0,Thanks Caroline It was Matt Patterson he is so talented His voice and songs were amazing What's up with you Anything interesting going on,0.0078,0.0633,0.7919,0.0000,0.0000,0.0000,0.1369,0.0001,question,0,question,question(0.79),0
D11:3,Melanie,inform,sent_punct,1,"Thanks, Caroline!",0.0001,0.0001,0.0082,0.0169,0.0001,0.0000,0.9747,0.0000,social,0,social,social(0.97),0
D11:3,Melanie,inform,sent_punct,2,"It was Matt Patterson, he is so talented!",0.0320,0.0001,0.2199,0.0308,0.0030,0.0001,0.7139,0.0003,social,0,social+question,social(0.71) question(0.22),0
D11:3,Melanie,inform,sent_punct,3,His voice and songs were amazing.,0.2519,0.0015,0.0089,0.0792,0.0006,0.0002,0.6463,0.0115,social,0,social+inform,social(0.65) inform(0.25),1
D11:3,Melanie,inform,sent_punct,4,What's up with you?,0.0084,0.0051,0.9677,0.0000,0.0033,0.0000,0.0154,0.0001,question,0,question,question(0.97),0
D11:3,Melanie,inform,sent_punct,5,Anything interesting going on?,0.0005,0.9918,0.0067,0.0000,0.0000,0.0000,0.0010,0.0000,request,0,request,request(0.99),0
D11:3,Melanie,inform,sent_nopunct,1,Thanks Caroline,0.0005,0.0004,0.3907,0.0889,0.0002,0.0004,0.5189,0.0000,social,0,social+question,social(0.52) question(0.39),0
D11:3,Melanie,inform,sent_nopunct,2,It was Matt Patterson he is so talented,0.1177,0.0001,0.2647,0.0155,0.0031,0.0000,0.5985,0.0004,social,0,social+question,social(0.60) question(0.26),0
D11:3,Melanie,inform,sent_nopunct,3,His voice and songs were amazing,0.5349,0.0035,0.0090,0.0946,0.0086,0.0005,0.3160,0.0329,inform,1,inform+social,inform(0.53) social(0.32),1
D11:3,Melanie,inform,sent_nopunct,4,What's up with you,0.0054,0.0002,0.8351,0.0000,0.0001,0.0000,0.1591,0.0000,question,0,question,question(0.84),0
D11:3,Melanie,inform,sent_nopunct,5,Anything interesting going on,0.1837,0.4097,0.3052,0.0141,0.0055,0.0000,0.0774,0.0044,request,0,request+question,request(0.41) question(0.31),0
D11:4,Caroline,inform,whole_punct,0,"Wow, Mel, glad you had a blast at the concert. A lot's happened since we talked. I went to a pride parade last Friday and it was awesome - so much energy and love everywhere. Really made me proud and reminded me how important it is to keep standing up for equality.",0.8165,0.0000,0.0041,0.0000,0.0000,0.0000,0.1793,0.0000,inform,1,inform,inform(0.82),1
D11:4,Caroline,inform,whole_nopunct,0,Wow Mel glad you had a blast at the concert A lot's happened since we talked I went to a pride parade last Friday and it was awesome - so much energy and love everywhere Really made me proud and reminded me how important it is to keep standing up for equality,0.8398,0.0000,0.0049,0.0000,0.0000,0.0000,0.1553,0.0000,inform,1,inform,inform(0.84),1
D11:4,Caroline,inform,sent_punct,1,"Wow, Mel, glad you had a blast at the concert.",0.0001,0.0000,0.0006,0.0000,0.0000,0.0000,0.9993,0.0001,social,0,social,social(1.00),0
D11:4,Caroline,inform,sent_punct,2,A lot's happened since we talked.,0.4361,0.0018,0.0793,0.0002,0.0071,0.0000,0.4745,0.0010,social,0,social+inform,social(0.47) inform(0.44),1
D11:4,Caroline,inform,sent_punct,3,I went to a pride parade last Friday and it was awesome - so much energy and love everywhere.,0.4488,0.0006,0.0037,0.0011,0.0000,0.0000,0.5458,0.0000,social,0,social+inform,social(0.55) inform(0.45),1
D11:4,Caroline,inform,sent_punct,4,Really made me proud and reminded me how important it is to keep standing up for equality.,0.9696,0.0002,0.0095,0.0000,0.0000,0.0000,0.0207,0.0000,inform,1,inform,inform(0.97),1
D11:4,Caroline,inform,sent_nopunct,1,Wow Mel glad you had a blast at the concert,0.0002,0.0000,0.0009,0.0000,0.0000,0.0000,0.9987,0.0002,social,0,social,social(1.00),0
D11:4,Caroline,inform,sent_nopunct,2,A lot's happened since we talked,0.8642,0.0002,0.0636,0.0001,0.0030,0.0000,0.0685,0.0004,inform,1,inform,inform(0.86),1
D11:4,Caroline,inform,sent_nopunct,3,I went to a pride parade last Friday and it was awesome - so much energy and love everywhere,0.4463,0.0011,0.0029,0.0010,0.0000,0.0000,0.5486,0.0000,social,0,social+inform,social(0.55) inform(0.45),1
D11:4,Caroline,inform,sent_nopunct,4,Really made me proud and reminded me how important it is to keep standing up for equality,0.9731,0.0000,0.0107,0.0000,0.0000,0.0000,0.0161,0.0000,inform,1,inform,inform(0.97),1
D11:5,Melanie,question,whole_punct,0,"Wow, that's awesome! How did it feel being part of that community?",0.0000,0.0000,0.9446,0.0000,0.0000,0.0001,0.0552,0.0000,question,1,question,question(0.94),1
D11:5,Melanie,question,whole_nopunct,0,Wow that's awesome How did it feel being part of that community,0.0000,0.0000,0.9394,0.0000,0.0000,0.0001,0.0605,0.0000,question,1,question,question(0.94),1
D11:5,Melanie,question,sent_punct,1,"Wow, that's awesome!",0.0002,0.0000,0.0001,0.1472,0.0000,0.0000,0.8520,0.0006,social,0,social,social(0.85),0
D11:5,Melanie,question,sent_punct,2,How did it feel being part of that community?,0.0003,0.0001,0.9988,0.0000,0.0000,0.0000,0.0008,0.0000,question,1,question,question(1.00),1
D11:5,Melanie,question,sent_nopunct,1,Wow that's awesome,0.0009,0.0000,0.0001,0.0724,0.0002,0.0000,0.9229,0.0036,social,0,social,social(0.92),0
D11:5,Melanie,question,sent_nopunct,2,How did it feel being part of that community,0.0024,0.0001,0.9910,0.0000,0.0000,0.0001,0.0065,0.0000,question,1,question,question(0.99),1
D11:6,Caroline,inform,whole_punct,0,"It was so inspiring, Mel! Check out the crowd. People of all kinds celebrating love and acceptance - it really pushed me to keep fighting for LGBTQ rights.",0.3534,0.0000,0.1284,0.0001,0.0000,0.0000,0.5181,0.0000,social,0,social+inform,social(0.52) inform(0.35),1
D11:6,Caroline,inform,whole_nopunct,0,It was so inspiring Mel Check out the crowd People of all kinds celebrating love and acceptance - it really pushed me to keep fighting for LGBTQ rights,0.4232,0.0001,0.1487,0.0001,0.0000,0.0000,0.4280,0.0000,social,0,social+inform,social(0.43) inform(0.42),1
D11:6,Caroline,inform,sent_punct,1,"It was so inspiring, Mel!",0.0057,0.0000,0.0094,0.0110,0.0000,0.0001,0.9737,0.0001,social,0,social,social(0.97),0
D11:6,Caroline,inform,sent_punct,2,Check out the crowd.,0.0290,0.8690,0.0250,0.0016,0.0092,0.0484,0.0165,0.0013,request,0,request,request(0.87),0
D11:6,Caroline,inform,sent_punct,3,People of all kinds celebrating love and acceptance - it really pushed me to keep fighting for LGBTQ rights.,0.8039,0.0000,0.0973,0.0002,0.0000,0.0000,0.0985,0.0000,inform,1,inform,inform(0.80),1
D11:6,Caroline,inform,sent_nopunct,1,It was so inspiring Mel,0.0033,0.0002,0.0104,0.0781,0.0000,0.0015,0.9065,0.0001,social,0,social,social(0.91),0
D11:6,Caroline,inform,sent_nopunct,2,Check out the crowd,0.0770,0.6969,0.0800,0.0020,0.0355,0.0284,0.0741,0.0060,request,0,request,request(0.70),0
D11:6,Caroline,inform,sent_nopunct,3,People of all kinds celebrating love and acceptance - it really pushed me to keep fighting for LGBTQ rights,0.8431,0.0000,0.0836,0.0001,0.0000,0.0000,0.0732,0.0000,inform,1,inform,inform(0.84),1
D11:7,Melanie,question,whole_punct,0,"Wow, Caroline! That sounds awesome. This pic's from last night - looks like everyone was having a blast! Reminds me it's important to cultivate a loving and accepting environment for our kids. How do you stay inclusive in your work as an artist?",0.0012,0.0001,0.9264,0.0000,0.0000,0.0000,0.0724,0.0000,question,1,question,question(0.93),1
D11:7,Melanie,question,whole_nopunct,0,Wow Caroline That sounds awesome This pic's from last night - looks like everyone was having a blast Reminds me it's important to cultivate a loving and accepting environment for our kids How do you stay inclusive in your work as an artist,0.0012,0.0001,0.9626,0.0000,0.0000,0.0000,0.0362,0.0000,question,1,question,question(0.96),1
D11:7,Melanie,question,sent_punct,1,"Wow, Caroline!",0.0006,0.0011,0.3526,0.0131,0.0000,0.0003,0.6324,0.0000,social,0,social+question,social(0.63) question(0.35),1
D11:7,Melanie,question,sent_punct,2,That sounds awesome.,0.0000,0.0000,0.0000,0.9597,0.0000,0.0000,0.0402,0.0000,confirm,0,confirm,confirm(0.96),0
D11:7,Melanie,question,sent_punct,3,This pic's from last night - looks like everyone was having a blast!,0.0803,0.0000,0.1920,0.0000,0.0000,0.0000,0.7277,0.0000,social,0,social,social(0.73),0
D11:7,Melanie,question,sent_punct,4,Reminds me it's important to cultivate a loving and accepting environment for our kids.,0.9908,0.0003,0.0072,0.0002,0.0000,0.0000,0.0016,0.0000,inform,0,inform,inform(0.99),0
D11:7,Melanie,question,sent_punct,5,How do you stay inclusive in your work as an artist?,0.0001,0.0421,0.9428,0.0000,0.0000,0.0005,0.0144,0.0000,question,1,question,question(0.94),1
D11:7,Melanie,question,sent_nopunct,1,Wow Caroline,0.0019,0.0019,0.5185,0.0133,0.0000,0.0052,0.4590,0.0002,question,1,question+social,question(0.52) social(0.46),1
D11:7,Melanie,question,sent_nopunct,2,That sounds awesome,0.0003,0.0000,0.0001,0.9624,0.0000,0.0000,0.0367,0.0005,confirm,0,confirm,confirm(0.96),0
D11:7,Melanie,question,sent_nopunct,3,This pic's from last night - looks like everyone was having a blast,0.1956,0.0000,0.2246,0.0000,0.0000,0.0000,0.5798,0.0000,social,0,social+question,social(0.58) question(0.22),1
D11:7,Melanie,question,sent_nopunct,4,Reminds me it's important to cultivate a loving and accepting environment for our kids,0.9928,0.0001,0.0061,0.0001,0.0000,0.0000,0.0010,0.0000,inform,0,inform,inform(0.99),0
D11:7,Melanie,question,sent_nopunct,5,How do you stay inclusive in your work as an artist,0.0004,0.0160,0.9383,0.0000,0.0000,0.0003,0.0450,0.0000,question,1,question,question(0.94),1
D11:8,Caroline,inform,whole_punct,0,That pic is cool! Representing inclusivity and diversity in my art is important to me. I also use it to speak up for the LGBTQ+ community and push for acceptance. Here's a recent painting!,0.4875,0.0004,0.0078,0.0010,0.0000,0.0001,0.5031,0.0000,social,0,social+inform,social(0.50) inform(0.49),1
D11:8,Caroline,inform,whole_nopunct,0,That pic is cool Representing inclusivity and diversity in my art is important to me I also use it to speak up for the LGBTQ+ community and push for acceptance Here's a recent painting,0.8411,0.0001,0.0065,0.0001,0.0000,0.0000,0.1522,0.0000,inform,1,inform,inform(0.84),1
D11:8,Caroline,inform,sent_punct,1,That pic is cool!,0.0000,0.0000,0.0000,0.1090,0.0000,0.0000,0.8909,0.0000,social,0,social,social(0.89),0
D11:8,Caroline,inform,sent_punct,2,Representing inclusivity and diversity in my art is important to me.,0.9551,0.0002,0.0104,0.0049,0.0001,0.0001,0.0292,0.0000,inform,1,inform,inform(0.96),1
D11:8,Caroline,inform,sent_punct,3,I also use it to speak up for the LGBTQ+ community and push for acceptance.,0.8691,0.0001,0.1260,0.0002,0.0000,0.0000,0.0046,0.0000,inform,1,inform,inform(0.87),1
D11:8,Caroline,inform,sent_punct,4,Here's a recent painting!,0.0112,0.1862,0.0051,0.0129,0.0000,0.0158,0.7676,0.0012,social,0,social,social(0.77),0
D11:8,Caroline,inform,sent_nopunct,1,That pic is cool,0.0002,0.0000,0.0001,0.5586,0.0000,0.0000,0.4412,0.0000,confirm,0,confirm+social,confirm(0.56) social(0.44),0
D11:8,Caroline,inform,sent_nopunct,2,Representing inclusivity and diversity in my art is important to me,0.9936,0.0000,0.0018,0.0006,0.0001,0.0000,0.0039,0.0000,inform,1,inform,inform(0.99),1
D11:8,Caroline,inform,sent_nopunct,3,I also use it to speak up for the LGBTQ+ community and push for acceptance,0.9557,0.0001,0.0423,0.0001,0.0000,0.0000,0.0018,0.0000,inform,1,inform,inform(0.96),1
D11:8,Caroline,inform,sent_nopunct,4,Here's a recent painting,0.3178,0.3206,0.0085,0.0225,0.0000,0.0567,0.2632,0.0106,request,0,request+inform+social,request(0.32) inform(0.32) social(0.26),1
