sample_id,session,dia_id,speaker,sentence,n_sentences,student_per_sent,student_last,student_highest_conf,student_first_substantive,student_majority,teacher_per_sent,teacher_last,teacher_highest_conf,teacher_first_substantive,teacher_majority
conv-26,session_1,D1:1,Caroline,Hey Mel! Good to see you! How have you been?,3,social(0.99) | social(0.98) | question(0.89),question,social,question,social,social(0.82) | social(0.95) | question(0.85),question,social,question,social
conv-26,session_1,D1:2,Melanie,Hey Caroline! Good to see you! I'm swamped with the kids & work. What's up with you? Anything new?,5,social(0.99) | social(0.98) | inform(0.63) | question(0.98) | question(0.50),question,social,inform,social,question(0.56) | social(0.95) | inform(0.56) | question(0.97) | social(0.62),social,question,question,social
conv-26,session_1,D1:3,Caroline,I went to a LGBTQ support group yesterday and it was so powerful.,1,social(0.76),social,social,social,social,inform(0.76),inform,inform,inform,inform
conv-26,session_1,D1:4,Melanie,"Wow, that's cool, Caroline! What happened that was so awesome? Did you hear any inspiring stories?",3,social(0.93) | question(1.00) | question(0.99),question,question,question,question,social(0.50) | question(0.99) | question(0.88),question,question,question,question
conv-26,session_1,D1:5,Caroline,The transgender stories were so inspiring! I was so happy and thankful for all the support.,2,social(0.99) | social(1.00),social,social,social,social,social(0.81) | social(1.00),social,social,social,social
conv-26,session_1,D1:6,Melanie,"Wow, love that painting! So cool you found such a helpful group. What's it done for you?",3,social(1.00) | social(1.00) | question(0.94),question,social,question,social,social(0.91) | social(0.99) | question(0.71),question,social,question,social
conv-26,session_1,D1:7,Caroline,The support group has made me feel accepted and given me courage to embrace myself.,1,social(0.63),social,social,social,social,inform(0.64),inform,inform,inform,inform
conv-26,session_1,D1:8,Melanie,That's really cool. You've got guts. What now?,3,confirm(0.87) | social(1.00) | request(0.59),request,social,confirm,social,social(0.58) | social(0.77) | request(0.69),request,social,request,social
conv-26,session_1,D1:9,Caroline,"Gonna continue my edu and check out career options, which is pretty exciting!",1,social(0.85),social,social,social,social,social(0.85),social,social,social,social
conv-26,session_1,D1:10,Melanie,"Wow, Caroline! What kinda jobs are you thinkin' of? Anything that stands out?",3,social(1.00) | question(1.00) | question(0.73),question,question,question,question,social(0.63) | question(0.69) | question(0.82),question,question,question,question
conv-26,session_1,D1:11,Caroline,I'm keen on counseling or working in mental health - I'd love to support those with similar issues.,1,question(0.66),question,question,question,question,request(0.26),request,request,request,request
conv-26,session_1,D1:12,Melanie,"You'd be a great counselor! Your empathy and understanding will really help the people you work with. By the way, take a look at this.",3,social(0.97) | social(0.99) | question(0.51),question,social,question,social,social(0.98) | social(0.54) | social(0.89),social,social,social,social
conv-26,session_1,D1:13,Caroline,"Thanks, Melanie! That's really sweet. Is this your own painting?",3,social(1.00) | social(0.53) | question(0.99),question,social,question,social,social(0.99) | social(0.64) | question(0.92),question,social,question,social
conv-26,session_1,D1:14,Melanie,"Yeah, I painted that lake sunrise last year! It's special to me.",2,offer(0.81) | social(1.00),social,social,offer,social,social(0.61) | social(0.95),social,social,social,social
conv-26,session_1,D1:15,Caroline,"Wow, Melanie! The colors really blend nicely. Painting looks like a great outlet for expressing yourself.",3,social(1.00) | social(0.57) | offer(0.84),offer,social,offer,social,social(0.95) | social(0.67) | inform(0.87),inform,social,inform,social
conv-26,session_1,D1:16,Melanie,"Thanks, Caroline! Painting's a fun way to express my feelings and get creative. It's a great way to relax after a long day.",3,social(1.00) | inform(0.96) | social(0.96),social,social,inform,social,social(0.97) | social(0.49) | social(0.95),social,social,social,social
conv-26,session_1,D1:17,Caroline,"Totally agree, Mel. Relaxing and expressing ourselves is key. Well, I'm off to go do some research.",3,social(0.84) | social(0.43) | social(0.70),social,social,social,social,question(0.54) | social(0.37) | social(0.71),social,social,question,social
conv-26,session_1,D1:18,Melanie,"Yep, Caroline. Taking care of ourselves is vital. I'm off to go swimming with the kids. Talk to you soon!",4,confirm(0.84) | inform(0.78) | inform(0.53) | social(1.00),social,social,confirm,inform,question(0.58) | social(0.97) | request(0.69) | social(1.00),social,social,question,social
conv-26,session_10,D10:1,Caroline,Hey Melanie! Just wanted to say hi!,2,social(1.00) | social(1.00),social,social,social,social,social(0.78) | social(0.88),social,social,social,social
conv-26,session_10,D10:2,Melanie,Hey Caroline! Good to talk to you again. What's up? Anything new since last time?,4,social(0.99) | social(1.00) | request(0.78) | question(0.96),question,social,request,social,question(0.56) | social(0.98) | request(0.41) | social(0.51),social,social,question,social
conv-26,session_10,D10:3,Caroline,"Hey Mel! A lot's happened since we last chatted - I just joined a new LGBTQ activist group last Tues. I'm meeting so many cool people who are as passionate as I am about rights and community support. I'm giving my voice and making a real difference, plus it's fulfilling in so many ways. It's just great, you know?",5,social(0.99) | inform(0.93) | social(0.76) | social(1.00) | question(0.84),question,social,inform,social,social(0.82) | inform(0.87) | inform(0.47) | social(0.81) | confirm(0.86),confirm,inform,inform,social
conv-26,session_10,D10:4,Melanie,"That's awesome, Caroline! Glad to hear you found a great group where you can have an impact. Bet it feels great to be able to speak your truth and stand up for what's right. Want to tell me a bit more about it?",4,social(0.97) | social(1.00) | social(0.65) | question(0.83),question,social,question,social,social(0.76) | social(0.97) | question(0.59) | question(0.80),question,social,question,social
conv-26,session_10,D10:5,Caroline,"Thanks, Melanie! It's awesome to have our own platform to be ourselves and support others' rights. Our group, 'Connected LGBTQ Activists', is made of all kinds of people investing in positive changes. We have regular meetings, plan events and campaigns, to get together and support each other.",4,social(1.00) | social(0.97) | inform(1.00) | inform(0.82),inform,social,inform,social,social(0.99) | social(0.59) | inform(0.96) | inform(0.74),inform,social,inform,inform
conv-26,session_10,D10:6,Melanie,"Wow, Caroline, your group sounds awesome! Supporting each other and making good things happen - that's so inspiring! Have you been part of any events or campaigns lately?",3,social(1.00) | social(0.92) | question(1.00),question,question,question,social,social(0.98) | social(0.70) | question(0.94),question,social,question,social
conv-26,session_10,D10:7,Caroline,"Last weekend our city held a pride parade! So many people marched through the streets waving flags, holding signs and celebrating love and diversity. I missed it but it was a powerful reminder that we are not alone in this fight for equality and inclusivity. Change is possible!",4,social(0.94) | question(0.77) | social(0.98) | offer(1.00),offer,offer,question,social,social(0.96) | inform(0.43) | inform(0.92) | request(0.59),request,social,inform,inform
conv-26,session_10,D10:8,Melanie,"Wow, fantastic, Caroline! Bet the atmosphere was incredible. Oh yeah, we went to the beach recently. It was awesome! The kids had such a blast.",5,social(0.98) | social(1.00) | social(0.93) | social(0.97) | social(1.00),social,social,social,social,social(0.77) | social(0.62) | social(0.73) | social(0.64) | social(1.00),social,social,social,social
conv-26,session_10,D10:9,Caroline,Sounds fun! What was the best part? Do you do it often with the kids?,3,confirm(0.99) | question(1.00) | question(1.00),question,question,confirm,question,social(0.59) | question(1.00) | question(1.00),question,question,question,question
conv-26,session_10,D10:10,Melanie,"Seeing my kids' faces so happy at the beach was the best! We don't go often, usually only once or twice a year. But those times are always special to spend time together and chill.",3,social(0.64) | inform(1.00) | inform(0.80),inform,inform,inform,inform,inform(0.61) | inform(0.96) | inform(0.55),inform,inform,inform,inform
conv-26,session_10,D10:11,Caroline,"Sounds special, those beach trips! Do you have any other summer traditions you all do together? Create those memories!",3,social(1.00) | question(1.00) | social(0.99),social,question,question,social,social(0.76) | question(1.00) | status(0.83),status,question,question,question
conv-26,session_10,D10:12,Melanie,"We always look forward to our family camping trip. We roast marshmallows, tell stories around the campfire and just enjoy each other's company. It's the highlight of our summer!",3,social(0.95) | social(0.98) | social(1.00),social,social,social,social,question(0.78) | inform(0.79) | social(0.99),social,social,question,social
conv-26,session_10,D10:13,Caroline,"Wow, Mel, that's awesome! What's your best camping memory?",2,social(0.99) | question(1.00),question,question,question,question,social(0.95) | question(1.00),question,question,question,question
conv-26,session_10,D10:14,Melanie,I'll always remember our camping trip last year when we saw the Perseid meteor shower. It was so amazing lying there and watching the sky light up with streaks of light. We all made wishes and felt so at one with the universe. That's a memory I'll never forget.,4,inform(0.68) | inform(0.90) | social(0.89) | social(1.00),social,social,inform,social,inform(0.97) | inform(0.82) | social(0.67) | social(0.71),social,inform,inform,inform
conv-26,session_10,D10:15,Caroline,Cool! What did it look like?,2,confirm(0.87) | question(0.91),question,question,confirm,question,confirm(0.51) | question(0.97),question,question,confirm,question
conv-26,session_10,D10:16,Melanie,"The sky was so clear and filled with stars, and the meteor shower was amazing - it felt like we were part of something huge and awe-inspiring.",1,inform(0.93),inform,inform,inform,inform,inform(0.91),inform,inform,inform,inform
conv-26,session_10,D10:17,Caroline,"Wow, Mel. That must've been breathtaking!",2,social(1.00) | social(0.97),social,social,social,social,social(0.97) | social(0.67),social,social,social,social
conv-26,session_10,D10:18,Melanie,It was one of those moments where I felt tiny and in awe of the universe. Reminds me how awesome life is - so many little moments like that.,2,social(0.84) | inform(0.83),inform,social,inform,social,inform(0.55) | inform(0.84),inform,inform,inform,inform
conv-26,session_10,D10:19,Caroline,"That's great, Mel! What other good memories do you have that make you feel thankful for life?",2,social(0.90) | question(0.99),question,question,question,question,social(0.89) | question(0.92),question,question,question,question
conv-26,session_10,D10:20,Melanie,I'll never forget the day my youngest took her first steps. Seeing her wobble as she took those initial steps really put into perspective how fleeting life is and how lucky I am to be able to share these moments.,2,social(0.98) | social(0.73),social,social,social,social,inform(0.58) | inform(0.76),inform,inform,inform,inform
conv-26,session_10,D10:21,Caroline,"Aw, that's sweet, Mel! Those milestones are great reminders of how special our bonds are.",2,social(1.00) | social(0.96),social,social,social,social,social(0.86) | inform(0.84),inform,social,inform,social
conv-26,session_10,D10:22,Melanie,"Yeah, they sure are. It's special moments like these that make me appreciate life and how lucky I am to be with my family and have our love.",2,status(0.60) | social(0.99),social,social,status,social,social(0.43) | social(0.68),social,social,social,social
conv-26,session_10,D10:23,Caroline,"Wow, Melanie, what a beautiful moment! Lucky you to have such an awesome family!",2,social(1.00) | social(1.00),social,social,social,social,social(0.97) | social(1.00),social,social,social,social
conv-26,session_10,D10:24,Melanie,"Thanks, Caroline! I'm really lucky to have my family; they bring so much joy and love.",2,social(1.00) | social(1.00),social,social,social,social,social(0.97) | social(0.98),social,social,social,social
conv-26,session_11,D11:1,Melanie,"Hey Caroline! Last night was amazing! We celebrated my daughter's birthday with a concert surrounded by music, joy and the warm summer breeze. Seeing my kids' smiles was so awesome, and I'm so thankful for our special moments together.",4,social(0.99) | social(1.00) | inform(0.98) | social(1.00),social,social,inform,social,question(0.56) | social(0.86) | inform(0.58) | social(0.79),social,social,question,social
conv-26,session_11,D11:2,Caroline,"Wow, sounds wonderful! Your love for your kids is so awesome. What concert was it? The advocacy event was a cool experience - so much love and support, amazing!",4,confirm(0.77) | social(1.00) | request(1.00) | confirm(0.78),confirm,social,confirm,confirm,confirm(0.89) | social(0.97) | request(0.99) | social(0.86),social,request,confirm,social
conv-26,session_11,D11:3,Melanie,"Thanks, Caroline! It was Matt Patterson, he is so talented! His voice and songs were amazing. What's up with you? Anything interesting going on?",5,social(1.00) | social(0.99) | social(0.83) | question(0.98) | request(0.96),request,social,question,social,social(0.97) | social(0.71) | social(0.65) | question(0.97) | request(0.99),request,request,question,social
conv-26,session_11,D11:4,Caroline,"Wow, Mel, glad you had a blast at the concert. A lot's happened since we talked. I went to a pride parade last Friday and it was awesome - so much energy and love everywhere. Really made me proud and reminded me how important it is to keep standing up for equality.",4,social(1.00) | social(0.99) | inform(0.50) | inform(0.66),inform,social,inform,social,social(1.00) | social(0.47) | social(0.55) | inform(0.97),inform,social,inform,social
conv-26,session_11,D11:5,Melanie,"Wow, that's awesome! How did it feel being part of that community?",2,social(0.79) | question(1.00),question,question,question,question,social(0.85) | question(1.00),question,question,question,question
conv-26,session_11,D11:6,Caroline,"It was so inspiring, Mel! Check out the crowd. People of all kinds celebrating love and acceptance - it really pushed me to keep fighting for LGBTQ rights.",3,social(1.00) | request(1.00) | inform(0.64),inform,social,request,social,social(0.97) | request(0.87) | inform(0.80),inform,social,request,social
conv-26,session_11,D11:7,Melanie,"Wow, Caroline! That sounds awesome. This pic's from last night - looks like everyone was having a blast! Reminds me it's important to cultivate a loving and accepting environment for our kids. How do you stay inclusive in your work as an artist?",5,social(1.00) | confirm(1.00) | social(1.00) | inform(0.99) | question(1.00),question,question,confirm,social,social(0.63) | confirm(0.96) | social(0.73) | inform(0.99) | question(0.94),question,inform,confirm,social
conv-26,session_11,D11:8,Caroline,That pic is cool! Representing inclusivity and diversity in my art is important to me. I also use it to speak up for the LGBTQ+ community and push for acceptance. Here's a recent painting!,4,confirm(0.94) | inform(1.00) | inform(0.79) | request(0.95),request,inform,confirm,inform,social(0.89) | inform(0.96) | inform(0.87) | social(0.77),social,inform,inform,inform
