session_id,turn_idx,sent_idx,role,predicted_cls,cls_confidence,n_tokens,n_verbs,n_entities,truncated
sharegpt_Jcy1CVN_0,3,8,assistant,confirm,0.6927,4,0,2,0
sharegpt_Jcy1CVN_0,7,8,assistant,confirm,0.6927,4,0,2,0
sharegpt_Jcy1CVN_0,3,2,assistant,request,0.7820,4,0,3,0
sharegpt_Jcy1CVN_0,3,6,assistant,request,0.9739,4,0,3,0
sharegpt_Jcy1CVN_0,7,2,assistant,request,0.7820,4,0,3,0
sharegpt_Jcy1CVN_0,7,6,assistant,request,0.9739,4,0,3,0
sharegpt_Jcy1CVN_0,7,10,assistant,request,0.9678,4,0,3,0
sharegpt_Cr2tc1f_0,1,12,assistant,confirm,0.6702,4,0,2,0
sharegpt_Cr2tc1f_0,1,33,assistant,confirm,0.6702,4,0,2,0
sharegpt_Cr2tc1f_0,1,40,assistant,confirm,0.7564,4,0,2,0
sharegpt_Cr2tc1f_0,1,43,assistant,confirm,0.6702,4,0,2,0
sharegpt_Cr2tc1f_0,3,8,assistant,confirm,0.7564,4,0,2,0
sharegpt_Cr2tc1f_0,3,14,assistant,confirm,0.6702,4,0,2,0
sharegpt_Jcy1CVN_0,3,4,assistant,request,0.8204,4,0,3,0
sharegpt_Jcy1CVN_0,7,4,assistant,request,0.8204,4,0,3,0
sharegpt_qRdLQvN_7,3,0,user,status,0.8646,3,0,1,0
sharegpt_qRdLQvN_7,5,0,user,status,0.8646,3,0,0,0
sharegpt_qRdLQvN_7,7,0,user,status,0.8646,3,0,0,0
sharegpt_Cr2tc1f_0,3,0,assistant,inform,0.5575,5,0,1,0
sharegpt_Cr2tc1f_0,1,46,assistant,social,0.6067,6,2,0,0
sharegpt_DGTCD7D_0,2,0,user,social,0.9972,4,1,0,0
sharegpt_yywfIrx_0,0,7,user,social,0.9982,5,0,0,0
sharegpt_Jcy1CVN_0,5,0,assistant,confirm,0.8411,4,0,0,0
sharegpt_Cr2tc1f_0,1,26,assistant,request,0.9868,7,1,1,0
sharegpt_DGTCD7D_0,3,0,assistant,social,0.7584,7,2,0,0
f6859b48_2,9,0,assistant,confirm,0.8570,7,2,0,0
sharegpt_Cr2tc1f_0,1,10,assistant,confirm,0.6537,8,0,2,0
sharegpt_Cr2tc1f_0,1,45,assistant,social,0.9958,8,2,1,0
85a1be56_1,3,22,assistant,status,0.5171,5,1,0,0
sharegpt_Cr2tc1f_0,3,16,assistant,social,0.8822,8,3,1,0
85a1be56_1,11,10,assistant,social,0.9997,7,2,0,0
52c34859_1,3,15,assistant,social,0.9997,7,2,0,0
ultrachat_231069,4,1,user,social,0.6238,8,2,0,0
f6859b48_2,2,0,user,social,0.9154,9,2,1,0
85a1be56_1,1,4,assistant,social,0.8055,10,4,1,0
sharegpt_Cr2tc1f_0,1,36,assistant,social,0.9890,8,1,1,0
sharegpt_Cr2tc1f_0,3,2,assistant,social,0.9890,8,1,1,0
sharegpt_DGTCD7D_0,3,1,assistant,social,0.9999,10,4,0,0
f6859b48_2,11,0,assistant,social,0.9956,7,2,0,0
sharegpt_Cr2tc1f_0,1,41,assistant,inform,0.9720,12,0,2,0
sharegpt_Cr2tc1f_0,3,9,assistant,inform,0.9720,12,0,2,0
85a1be56_1,3,19,assistant,inform,0.8275,9,1,3,0
52c34859_1,5,0,assistant,question,0.9963,10,0,2,0
sharegpt_Cr2tc1f_0,1,1,assistant,inform,0.5951,10,0,2,0
52c34859_1,9,3,assistant,social,0.9989,12,5,1,0
52c34859_1,9,14,assistant,question,1.0000,9,3,0,0
52c34859_1,10,2,user,social,1.0000,12,3,1,0
ultrachat_231069,2,0,user,confirm,0.9374,8,2,0,0
sharegpt_Cr2tc1f_0,3,21,assistant,confirm,0.4223,10,3,0,0
85a1be56_1,4,0,user,social,0.9965,10,2,0,0
ultrachat_359984,5,1,assistant,request,0.9671,9,1,1,0
52c34859_1,10,0,user,social,0.9998,10,2,1,0
sharegpt_Cr2tc1f_0,1,18,assistant,request,0.7434,12,3,0,0
52c34859_1,4,1,user,request,0.5815,8,2,1,0
sharegpt_qRdLQvN_7,4,3,assistant,social,0.9934,9,1,1,0
52c34859_1,5,1,assistant,social,0.9983,13,4,0,0
sharegpt_Cr2tc1f_0,2,0,user,inform,0.5010,9,2,1,0
sharegpt_Cr2tc1f_0,1,15,assistant,inform,0.5304,9,1,1,0
52c34859_1,1,3,assistant,question,1.0000,14,2,1,0
sharegpt_Jcy1CVN_0,7,15,assistant,social,0.9901,11,3,0,0
sharegpt_Cr2tc1f_0,1,21,assistant,question,0.7766,15,1,2,0
52c34859_1,3,2,assistant,request,0.9995,13,2,2,0
sharegpt_Cr2tc1f_0,1,44,assistant,social,0.4979,16,3,3,0
f6859b48_2,2,1,user,social,0.8768,12,3,0,0
52c34859_1,1,5,assistant,social,1.0000,13,0,2,0
85a1be56_1,3,0,assistant,social,0.4520,12,2,1,0
f6859b48_2,8,1,user,social,0.9748,11,1,0,0
52c34859_1,9,0,assistant,social,0.5019,12,1,1,0
sharegpt_Cr2tc1f_0,1,22,assistant,social,0.6336,16,4,2,0
sharegpt_Cr2tc1f_0,3,22,assistant,social,0.9968,13,1,2,0
sharegpt_Cr2tc1f_0,3,23,assistant,inform,0.9341,12,2,0,0
f6859b48_2,1,5,assistant,social,0.9815,9,0,0,0
52c34859_1,4,0,user,question,0.9378,14,4,1,0
sharegpt_Cr2tc1f_0,1,7,assistant,question,0.8502,16,4,2,0
sharegpt_Cr2tc1f_0,1,17,assistant,question,0.9997,14,2,1,0
85a1be56_1,3,8,assistant,social,0.6566,12,2,0,0
52c34859_1,1,4,assistant,social,0.9675,11,4,1,0
sharegpt_Cr2tc1f_0,1,13,assistant,status,0.6485,17,3,3,0
52c34859_1,9,2,assistant,social,0.9999,12,0,2,0
52c34859_1,9,10,assistant,inform,0.9462,16,4,1,0
85a1be56_1,3,3,assistant,question,0.9607,15,3,0,0
sharegpt_Cr2tc1f_0,3,12,assistant,inform,0.9677,12,2,1,0
52c34859_1,5,11,assistant,inform,0.7998,15,2,1,0
52c34859_1,11,4,assistant,request,0.6308,15,3,1,0
85a1be56_1,4,2,user,inform,0.9995,16,2,5,0
85a1be56_1,8,1,user,question,0.8295,15,4,1,0
sharegpt_DGTCD7D_0,3,2,assistant,social,0.9941,14,3,1,0
85a1be56_1,1,2,assistant,social,0.9996,13,1,5,0
85a1be56_1,9,11,assistant,social,0.9910,12,4,0,0
sharegpt_Cr2tc1f_0,1,14,assistant,inform,0.5575,12,2,1,0
sharegpt_Cr2tc1f_0,1,25,assistant,social,0.9253,17,1,3,0
52c34859_1,1,1,assistant,social,0.9836,14,4,0,0
85a1be56_1,11,6,assistant,inform,0.6401,15,2,3,0
ultrachat_231069,2,1,user,question,1.0000,11,2,0,0
52c34859_1,7,0,assistant,confirm,0.9916,15,1,2,0
sharegpt_Cr2tc1f_0,3,11,assistant,inform,0.9981,18,3,2,0
ultrachat_359984,1,1,assistant,inform,0.9590,13,4,1,0
sharegpt_Cr2tc1f_0,3,20,assistant,social,0.5750,20,5,2,0
52c34859_1,9,13,assistant,question,0.9415,19,5,2,0
sharegpt_Cr2tc1f_0,3,15,assistant,inform,0.9963,14,2,1,0
52c34859_1,2,1,user,inform,0.6033,19,2,7,0
52c34859_1,7,10,assistant,social,0.9926,16,5,1,0
sharegpt_Jcy1CVN_0,4,0,user,question,0.9993,12,2,2,0
52c34859_1,8,2,user,social,0.8984,19,1,5,0
85a1be56_1,10,1,user,request,1.0000,14,2,0,0
sharegpt_Cr2tc1f_0,1,20,assistant,inform,0.9602,14,2,0,0
sharegpt_Cr2tc1f_0,1,30,assistant,question,0.5117,18,5,2,0
sharegpt_Cr2tc1f_0,3,3,assistant,reject,0.6061,14,2,1,0
52c34859_1,11,0,assistant,social,1.0000,18,5,1,0
ultrachat_231069,4,2,user,question,1.0000,13,2,0,0
85a1be56_1,3,13,assistant,question,0.9600,15,1,0,0
sharegpt_Cr2tc1f_0,1,42,assistant,social,0.9505,13,1,1,0
sharegpt_Cr2tc1f_0,6,0,user,question,0.9984,13,2,0,0
f6859b48_2,2,3,user,question,0.9998,15,2,3,0
52c34859_1,0,0,user,question,0.9995,14,3,0,0
sharegpt_yywfIrx_0,1,0,assistant,question,0.6786,16,3,1,0
sharegpt_Cr2tc1f_0,1,29,assistant,social,0.9236,19,2,3,0
f6859b48_2,5,0,assistant,confirm,0.9993,16,1,8,0
ultrachat_231069,1,1,assistant,question,0.5091,12,1,0,0
85a1be56_1,3,10,assistant,social,0.7483,16,1,0,0
85a1be56_1,11,11,assistant,social,0.9647,16,3,1,0
sharegpt_Cr2tc1f_0,3,17,assistant,question,0.9398,18,2,2,0
85a1be56_1,3,1,assistant,question,0.5317,14,3,1,0
85a1be56_1,3,17,assistant,inform,0.5473,18,3,1,0
85a1be56_1,5,0,assistant,inform,0.9975,13,1,1,0
85a1be56_1,6,2,user,question,1.0000,15,3,2,0
85a1be56_1,7,2,assistant,inform,0.7793,14,2,0,0
sharegpt_Cr2tc1f_0,1,5,assistant,social,0.9990,18,3,6,0
52c34859_1,2,0,user,question,0.9986,15,3,2,0
85a1be56_1,1,7,assistant,question,0.9741,16,3,0,0
f6859b48_2,7,0,assistant,social,0.5716,16,3,1,0
sharegpt_Jcy1CVN_0,1,3,assistant,inform,1.0000,16,0,1,0
sharegpt_Cr2tc1f_0,1,27,assistant,social,0.9131,16,3,2,0
sharegpt_Cr2tc1f_0,3,13,assistant,question,0.5097,14,3,0,0
sharegpt_Cr2tc1f_0,3,24,assistant,social,0.9301,15,2,2,0
85a1be56_1,10,2,user,question,1.0000,17,3,1,0
sharegpt_Cr2tc1f_0,1,35,assistant,social,0.9464,20,2,2,0
sharegpt_Cr2tc1f_0,3,1,assistant,social,0.9464,20,2,2,0
sharegpt_Cr2tc1f_0,3,19,assistant,question,0.8822,17,2,2,0
f6859b48_2,11,6,assistant,social,0.9818,16,3,1,0
52c34859_1,10,1,user,inform,0.9972,21,6,1,0
ultrachat_359984,2,0,user,social,0.6990,17,2,0,0
85a1be56_1,11,2,assistant,question,0.9044,12,2,1,0
sharegpt_Cr2tc1f_0,1,34,assistant,social,0.8029,19,3,1,0
f6859b48_2,9,3,assistant,social,0.9988,20,4,1,0
52c34859_1,3,3,assistant,question,0.9825,17,6,0,0
sharegpt_Cr2tc1f_0,1,19,assistant,inform,0.9991,16,2,1,0
85a1be56_1,9,0,assistant,question,0.8297,16,2,1,0
52c34859_1,9,4,assistant,question,0.8892,16,2,1,0
ultrachat_359984,2,1,user,question,1.0000,15,2,1,0
f6859b48_2,1,4,assistant,social,0.4235,18,4,1,0
ultrachat_231069,4,0,user,question,0.9000,15,4,0,0
sharegpt_yywfIrx_0,1,4,assistant,inform,0.7478,17,3,0,0
sharegpt_Cr2tc1f_0,1,4,assistant,social,0.9771,18,2,1,0
sharegpt_Cr2tc1f_0,4,0,user,question,0.9676,16,2,2,0
ultrachat_231069,1,4,assistant,question,0.9885,15,2,0,0
sharegpt_qRdLQvN_7,0,1,assistant,inform,0.9427,18,3,2,0
85a1be56_1,5,1,assistant,status,0.6390,19,8,1,0
85a1be56_1,11,1,assistant,social,0.9936,18,6,1,0
sharegpt_Cr2tc1f_0,1,8,assistant,social,0.9294,15,2,1,0
sharegpt_Cr2tc1f_0,3,7,assistant,inform,0.7519,18,2,1,0
sharegpt_yywfIrx_0,0,4,user,question,0.9716,15,3,0,0
52c34859_1,3,0,assistant,social,0.9994,22,5,3,0
85a1be56_1,3,18,assistant,social,0.5019,19,3,0,0
85a1be56_1,7,13,assistant,question,0.9529,14,5,1,0
sharegpt_Cr2tc1f_0,3,18,assistant,social,0.8629,18,2,1,0
f6859b48_2,1,0,assistant,social,0.9986,14,3,0,0
f6859b48_2,5,2,assistant,inform,0.5478,18,2,2,0
52c34859_1,11,5,assistant,question,1.0000,18,4,0,0
85a1be56_1,7,1,assistant,social,0.9897,13,2,0,0
85a1be56_1,10,0,user,request,0.9716,24,8,1,0
sharegpt_Jcy1CVN_0,1,1,assistant,request,0.7556,15,0,2,0
ultrachat_359984,5,4,assistant,confirm,0.6889,17,1,2,0
sharegpt_yywfIrx_0,1,1,assistant,inform,0.9872,19,3,2,0
sharegpt_Cr2tc1f_0,3,26,assistant,question,0.7920,18,2,1,0
f6859b48_2,9,5,assistant,inform,0.8117,24,5,2,0
52c34859_1,7,11,assistant,question,1.0000,17,3,2,0
52c34859_1,5,5,assistant,question,0.9891,19,5,3,0
85a1be56_1,1,1,assistant,question,0.5075,18,4,0,0
85a1be56_1,3,15,assistant,inform,0.4948,21,3,1,0
52c34859_1,1,2,assistant,question,0.9897,19,3,2,0
sharegpt_qRdLQvN_7,1,0,user,inform,0.9989,18,5,0,0
sharegpt_Jcy1CVN_0,6,0,user,question,0.9999,16,2,0,0
sharegpt_Cr2tc1f_0,3,10,assistant,inform,0.8911,22,3,2,0
ultrachat_359984,1,6,assistant,inform,0.5938,14,1,6,0
f6859b48_2,7,6,assistant,social,0.7437,20,5,2,0
sharegpt_qRdLQvN_7,4,1,assistant,inform,0.8568,21,5,0,0
85a1be56_1,1,3,assistant,social,0.9801,20,7,1,0
ultrachat_359984,1,3,assistant,inform,0.7485,19,1,7,0
ultrachat_359984,4,0,user,request,0.9070,21,5,0,0
ultrachat_359984,4,1,user,question,0.9975,19,4,1,0
sharegpt_Jcy1CVN_0,2,0,user,inform,0.9042,20,4,1,0
f6859b48_2,9,7,assistant,question,0.9998,20,1,1,0
52c34859_1,7,1,assistant,inform,0.9564,20,5,2,0
52c34859_1,9,1,assistant,social,0.8781,23,5,1,0
ultrachat_359984,1,4,assistant,request,0.8557,19,1,2,0
sharegpt_Jcy1CVN_0,1,9,assistant,inform,0.9943,16,0,2,0
sharegpt_Cr2tc1f_0,1,6,assistant,social,0.9325,28,4,2,0
52c34859_1,7,9,assistant,inform,0.9899,22,2,1,0
sharegpt_yywfIrx_0,1,6,assistant,inform,0.9780,17,3,1,0
85a1be56_1,3,5,assistant,inform,0.9325,22,3,1,0
85a1be56_1,5,7,assistant,social,0.9957,20,6,1,0
85a1be56_1,9,1,assistant,social,0.9896,20,7,1,0
52c34859_1,11,6,assistant,question,0.9999,19,4,1,0
ultrachat_359984,1,12,assistant,question,0.9690,15,1,7,0
85a1be56_1,1,0,assistant,social,0.9998,18,2,2,0
85a1be56_1,11,0,assistant,inform,0.8519,19,3,1,0
sharegpt_Cr2tc1f_0,1,3,assistant,inform,0.5407,21,2,4,0
sharegpt_Cr2tc1f_0,1,23,assistant,social,0.8839,23,2,0,0
52c34859_1,1,6,assistant,social,0.9518,20,4,0,0
52c34859_1,7,6,assistant,inform,0.5317,19,1,1,0
52c34859_1,8,1,user,inform,0.9889,25,6,2,0
sharegpt_qRdLQvN_7,0,3,assistant,question,0.9995,21,3,1,0
ultrachat_359984,1,9,assistant,question,0.6306,17,1,8,0
85a1be56_1,7,16,assistant,social,0.9817,21,7,1,0
52c34859_1,10,3,user,inform,0.9822,25,3,5,0
85a1be56_1,8,2,user,inform,0.9986,22,5,0,0
f6859b48_2,3,5,assistant,question,0.8369,21,3,0,0
ultrachat_359984,1,15,assistant,question,0.9943,16,1,6,0
sharegpt_yywfIrx_0,0,0,user,question,0.8544,23,3,0,0
sharegpt_Cr2tc1f_0,1,11,assistant,social,0.7546,20,4,2,0
sharegpt_Cr2tc1f_0,5,1,assistant,question,0.9776,20,3,4,0
85a1be56_1,3,21,assistant,inform,0.7228,20,5,0,0
f6859b48_2,9,4,assistant,question,0.9244,23,5,2,0
ultrachat_359984,1,0,assistant,question,0.9966,19,1,0,0
ultrachat_359984,5,2,assistant,question,0.9856,17,1,2,0
85a1be56_1,5,2,assistant,inform,0.9758,26,7,4,0
sharegpt_Jcy1CVN_0,1,5,assistant,inform,0.9954,18,0,1,0
52c34859_1,8,0,user,request,0.5580,28,7,3,0
ultrachat_359984,0,0,user,question,1.0000,20,2,0,0
85a1be56_1,1,13,assistant,inform,0.9998,22,6,0,0
85a1be56_1,9,2,assistant,inform,0.8900,16,3,1,0
sharegpt_Jcy1CVN_0,1,7,assistant,inform,0.7761,20,0,1,0
sharegpt_Cr2tc1f_0,1,2,assistant,social,0.4990,26,2,5,0
sharegpt_DGTCD7D_0,0,0,user,question,0.9965,17,3,1,0
f6859b48_2,6,1,user,social,0.9627,24,5,1,0
85a1be56_1,3,11,assistant,inform,0.9895,23,5,0,0
85a1be56_1,7,0,assistant,inform,0.9974,18,3,0,0
sharegpt_Cr2tc1f_0,1,38,assistant,inform,0.8845,22,4,1,0
52c34859_1,5,3,assistant,inform,0.9918,19,3,0,0
ultrachat_359984,1,16,assistant,question,0.5826,15,2,1,0
85a1be56_1,3,7,assistant,inform,0.9012,24,3,2,0
f6859b48_2,9,1,assistant,social,0.9998,27,4,6,0
ultrachat_359984,5,6,assistant,confirm,0.5629,22,4,2,0
85a1be56_1,7,15,assistant,question,0.9960,16,3,1,0
85a1be56_1,11,8,assistant,inform,0.9997,21,4,1,0
sharegpt_Cr2tc1f_0,1,16,assistant,social,0.9948,25,6,2,0
sharegpt_Cr2tc1f_0,1,28,assistant,social,0.9556,25,4,2,0
sharegpt_yywfIrx_0,0,2,user,inform,0.9966,24,4,3,0
85a1be56_1,7,17,assistant,social,0.9912,25,6,1,0
sharegpt_yywfIrx_0,0,1,user,question,0.8838,23,6,2,0
85a1be56_1,1,14,assistant,inform,0.7855,20,4,0,0
f6859b48_2,1,1,assistant,question,0.9141,22,5,5,0
52c34859_1,5,14,assistant,question,1.0000,23,4,2,0
f6859b48_2,7,8,assistant,question,1.0000,21,4,0,0
52c34859_1,1,12,assistant,question,0.9999,21,4,1,0
ultrachat_359984,1,13,assistant,question,0.9844,18,1,2,0
sharegpt_yywfIrx_0,0,3,user,question,1.0000,21,5,1,0
85a1be56_1,9,10,assistant,social,0.9995,23,6,1,0
f6859b48_2,7,3,assistant,social,0.5218,26,4,1,0
85a1be56_1,11,9,assistant,status,0.5281,20,5,1,0
sharegpt_Cr2tc1f_0,1,9,assistant,inform,0.9145,23,3,5,0
f6859b48_2,5,1,assistant,status,0.8662,24,8,2,0
f6859b48_2,9,6,assistant,question,0.9998,25,7,2,0
85a1be56_1,4,3,user,inform,0.8630,26,5,5,0
85a1be56_1,5,3,assistant,question,0.6459,21,3,1,0
f6859b48_2,11,5,assistant,social,0.9024,23,6,1,0
85a1be56_1,6,1,user,inform,0.9905,26,6,1,0
sharegpt_Jcy1CVN_0,1,10,assistant,inform,0.7458,17,0,1,0
sharegpt_Jcy1CVN_0,7,14,assistant,question,0.9988,20,4,1,0
ultrachat_231069,0,0,user,question,1.0000,22,3,0,0
85a1be56_1,9,3,assistant,question,0.9804,19,4,2,0
sharegpt_DGTCD7D_0,1,6,assistant,inform,0.9348,22,4,0,0
f6859b48_2,2,4,user,social,0.8816,24,4,3,0
ultrachat_231069,1,5,assistant,question,0.9807,22,5,1,0
f6859b48_2,6,0,user,inform,0.9656,30,4,13,0
f6859b48_2,10,0,user,social,0.7044,23,4,0,0
52c34859_1,11,2,assistant,social,0.9992,26,7,2,0
ultrachat_231069,3,0,assistant,inform,0.8843,21,2,1,0
sharegpt_Jcy1CVN_0,0,0,user,question,1.0000,23,7,0,0
sharegpt_yywfIrx_0,0,5,user,question,0.9992,27,8,1,0
85a1be56_1,8,0,user,inform,0.9985,26,4,3,0
52c34859_1,5,13,assistant,question,0.9868,23,4,1,0
sharegpt_qRdLQvN_7,0,2,assistant,question,0.6044,28,4,1,0
85a1be56_1,5,8,assistant,social,0.9899,27,7,0,0
52c34859_1,11,3,assistant,social,0.9988,28,6,0,0
85a1be56_1,1,16,assistant,social,0.9004,23,4,2,0
sharegpt_Cr2tc1f_0,1,31,assistant,social,0.4707,27,5,2,0
sharegpt_yywfIrx_0,1,3,assistant,question,0.9966,28,4,3,0
f6859b48_2,1,3,assistant,social,0.9999,26,7,0,0
85a1be56_1,7,14,assistant,inform,0.7170,20,3,0,0
85a1be56_1,9,9,assistant,inform,0.9328,24,4,1,0
sharegpt_Jcy1CVN_0,1,0,assistant,confirm,0.9947,26,6,3,0
sharegpt_Jcy1CVN_0,1,4,assistant,inform,0.9999,21,0,1,0
f6859b48_2,7,1,assistant,inform,0.9062,28,3,12,0
52c34859_1,6,0,user,question,0.7001,30,7,3,0
sharegpt_Cr2tc1f_0,5,0,assistant,inform,0.9865,28,3,2,0
sharegpt_Cr2tc1f_0,5,3,assistant,inform,0.8748,27,3,0,0
f6859b48_2,11,3,assistant,social,0.9998,31,9,1,0
ultrachat_231069,1,0,assistant,inform,0.9116,25,1,1,0
sharegpt_Jcy1CVN_0,1,8,assistant,offer,0.7429,25,0,2,0
sharegpt_Cr2tc1f_0,1,24,assistant,inform,0.9795,27,4,5,0
f6859b48_2,3,0,assistant,question,0.7352,28,2,11,0
ultrachat_359984,1,10,assistant,question,0.8796,22,1,2,0
sharegpt_yywfIrx_0,1,2,assistant,question,0.9670,29,4,1,0
sharegpt_Cr2tc1f_0,3,5,assistant,social,0.5293,28,1,0,0
ultrachat_231069,5,0,assistant,inform,0.7883,22,4,0,0
sharegpt_Jcy1CVN_0,1,6,assistant,inform,0.9959,20,0,1,0
sharegpt_Jcy1CVN_0,7,13,assistant,question,0.7877,25,5,0,0
ultrachat_359984,5,0,assistant,question,0.6419,25,3,0,0
sharegpt_Cr2tc1f_0,3,6,assistant,inform,0.9789,26,3,4,0
52c34859_1,9,12,assistant,question,0.9958,23,3,1,0
sharegpt_Jcy1CVN_0,1,2,assistant,inform,0.9998,22,0,1,0
sharegpt_Cr2tc1f_0,1,39,assistant,inform,0.5641,28,3,0,0
52c34859_1,3,16,assistant,question,1.0000,22,4,1,0
f6859b48_2,7,7,assistant,inform,0.9749,28,5,0,0
52c34859_1,0,2,user,social,0.8299,34,4,5,0
sharegpt_qRdLQvN_7,4,2,assistant,inform,0.7456,33,3,1,0
85a1be56_1,7,9,assistant,question,0.7808,31,4,5,0
sharegpt_Cr2tc1f_0,1,37,assistant,inform,0.9998,26,4,1,0
52c34859_1,0,1,user,question,0.9980,31,10,3,0
sharegpt_Cr2tc1f_0,1,32,assistant,inform,0.9391,29,3,0,0
52c34859_1,3,13,assistant,question,0.9947,25,3,1,0
ultrachat_231069,1,6,assistant,inform,0.6733,25,5,1,0
sharegpt_Cr2tc1f_0,0,0,user,question,0.9942,27,2,9,0
sharegpt_Cr2tc1f_0,1,0,assistant,question,0.5920,34,0,18,0
ultrachat_231069,1,2,assistant,inform,0.9890,23,4,2,0
sharegpt_yywfIrx_0,1,5,assistant,inform,0.9802,28,4,0,0
sharegpt_Cr2tc1f_0,7,0,assistant,inform,0.5839,25,4,0,0
f6859b48_2,7,5,assistant,inform,0.7569,29,5,1,0
52c34859_1,9,9,assistant,inform,0.9823,38,2,9,0
ultrachat_231069,3,3,assistant,question,0.9876,22,5,0,0
ultrachat_359984,1,7,assistant,question,0.8097,22,1,2,0
f6859b48_2,2,2,user,question,0.4918,33,6,11,0
f6859b48_2,8,0,user,social,0.8458,34,4,11,0
sharegpt_qRdLQvN_7,4,5,assistant,question,0.9956,31,3,1,0
f6859b48_2,5,5,assistant,question,0.9497,29,2,5,0
f6859b48_2,11,2,assistant,social,0.7411,28,5,0,0
52c34859_1,7,2,assistant,inform,0.9972,29,4,1,0
f6859b48_2,5,7,assistant,inform,0.9967,33,8,4,0
85a1be56_1,6,0,user,inform,0.9999,30,5,4,0
85a1be56_1,9,6,assistant,inform,0.9696,26,5,0,0
52c34859_1,5,9,assistant,inform,0.9976,39,2,3,0
ultrachat_359984,1,2,assistant,inform,0.9836,25,3,5,0
ultrachat_359984,1,8,assistant,inform,0.9967,28,3,3,0
85a1be56_1,4,1,user,inform,0.9809,34,8,1,0
85a1be56_1,9,5,assistant,inform,0.4535,30,6,1,0
f6859b48_2,11,4,assistant,social,0.8880,32,6,0,0
f6859b48_2,3,6,assistant,social,0.9930,35,8,6,0
ultrachat_359984,5,5,assistant,question,0.9434,28,4,1,0
f6859b48_2,3,1,assistant,social,0.5216,27,2,7,0
ultrachat_359984,1,14,assistant,inform,0.5978,27,5,1,0
85a1be56_1,1,5,assistant,question,0.6825,41,4,8,0
ultrachat_231069,5,3,assistant,question,0.9912,27,5,0,0
85a1be56_1,0,0,user,question,0.9854,32,11,0,0
sharegpt_Cr2tc1f_0,7,2,assistant,inform,0.9915,26,7,1,0
52c34859_1,7,3,assistant,inform,0.9986,37,5,2,0
sharegpt_yywfIrx_0,0,6,user,inform,0.9997,32,5,0,0
85a1be56_1,2,0,user,question,0.9994,35,11,1,0
f6859b48_2,5,4,assistant,inform,0.3998,33,6,4,0
52c34859_1,3,10,assistant,inform,0.9687,40,7,3,0
ultrachat_359984,5,3,assistant,question,0.9855,32,3,5,0
f6859b48_2,11,1,assistant,inform,0.8753,29,4,2,0
52c34859_1,1,0,assistant,inform,0.8096,33,7,3,0
ultrachat_231069,5,5,assistant,question,0.9957,28,5,0,0
sharegpt_qRdLQvN_7,6,0,assistant,question,0.9854,34,5,1,0
f6859b48_2,10,2,user,social,0.6849,38,10,0,0
f6859b48_2,5,9,assistant,inform,0.9330,36,10,2,0
sharegpt_qRdLQvN_7,4,4,assistant,question,0.6682,40,4,1,0
85a1be56_1,3,9,assistant,inform,0.9981,43,7,5,0
85a1be56_1,9,7,assistant,inform,0.9998,30,4,0,0
85a1be56_1,0,1,user,inform,0.9901,39,10,7,0
f6859b48_2,4,0,user,question,0.4887,43,9,9,0
52c34859_1,9,7,assistant,inform,0.9386,44,3,11,0
52c34859_1,9,8,assistant,inform,0.9665,41,2,7,0
sharegpt_Cr2tc1f_0,3,25,assistant,inform,0.9228,36,4,0,0
52c34859_1,5,2,assistant,inform,0.9798,42,5,3,0
52c34859_1,3,8,assistant,inform,0.9998,43,9,4,0
52c34859_1,2,2,user,question,0.9722,37,10,2,0
85a1be56_1,9,4,assistant,social,0.8321,39,10,0,0
85a1be56_1,11,3,assistant,inform,0.8860,36,6,1,0
52c34859_1,5,6,assistant,inform,0.6871,41,5,2,0
ultrachat_359984,1,5,assistant,inform,0.9985,29,3,6,0
f6859b48_2,4,1,user,question,0.8970,34,5,6,0
52c34859_1,1,9,assistant,inform,0.9998,39,9,2,0
ultrachat_359984,1,11,assistant,question,0.7808,29,2,2,0
52c34859_1,9,6,assistant,inform,0.9961,45,3,6,0
85a1be56_1,3,6,assistant,inform,0.9280,47,6,3,0
f6859b48_2,10,1,user,question,0.4731,39,8,0,0
85a1be56_1,5,5,assistant,inform,0.9165,35,9,0,0
52c34859_1,3,4,assistant,inform,0.9996,46,6,4,0
ultrachat_231069,1,3,assistant,inform,0.9834,32,6,0,0
85a1be56_1,7,10,assistant,inform,0.9637,38,7,1,0
sharegpt_Cr2tc1f_0,3,4,assistant,inform,0.8300,35,3,3,0
85a1be56_1,3,16,assistant,inform,0.9979,52,6,7,0
85a1be56_1,7,11,assistant,question,0.5805,38,6,6,0
52c34859_1,5,7,assistant,inform,0.9836,45,8,3,0
85a1be56_1,7,3,assistant,inform,0.9960,40,7,1,0
f6859b48_2,9,2,assistant,social,0.8017,38,5,2,0
52c34859_1,5,10,assistant,inform,0.9867,43,4,4,0
52c34859_1,9,11,assistant,inform,0.8757,40,6,7,0
85a1be56_1,7,12,assistant,inform,0.9698,42,4,6,0
52c34859_1,5,4,assistant,inform,0.8591,41,3,2,0
ultrachat_231069,5,2,assistant,question,0.9993,31,3,1,0
85a1be56_1,3,12,assistant,inform,0.9621,49,6,5,0
85a1be56_1,7,7,assistant,inform,0.6017,38,6,2,0
52c34859_1,3,9,assistant,inform,0.9995,49,8,3,0
f6859b48_2,7,4,assistant,inform,0.9931,38,3,11,0
85a1be56_1,1,10,assistant,inform,0.6821,39,8,2,0
52c34859_1,7,5,assistant,inform,0.9949,45,5,3,0
f6859b48_2,11,7,assistant,question,0.9995,45,10,9,0
52c34859_1,3,12,assistant,question,0.7098,44,8,4,0
f6859b48_2,3,3,assistant,inform,0.4972,41,3,3,0
f6859b48_2,5,8,assistant,question,0.8695,44,8,1,0
ultrachat_231069,5,4,assistant,question,0.9940,39,4,1,0
f6859b48_2,5,3,assistant,question,0.7949,40,3,6,0
52c34859_1,11,1,assistant,social,0.9824,54,13,4,0
ultrachat_231069,3,1,assistant,question,0.9211,37,5,0,0
ultrachat_231069,5,1,assistant,question,0.8442,38,5,1,0
52c34859_1,3,6,assistant,inform,0.9994,49,9,4,0
f6859b48_2,0,1,user,inform,0.9803,44,8,4,0
ultrachat_231069,3,2,assistant,inform,0.5221,38,6,1,0
52c34859_1,7,4,assistant,inform,0.9997,46,6,2,0
52c34859_1,3,5,assistant,inform,0.9997,48,10,2,0
85a1be56_1,7,5,assistant,inform,0.6363,44,5,7,0
85a1be56_1,1,11,assistant,inform,0.9625,49,11,1,0
f6859b48_2,7,2,assistant,question,0.7607,42,3,13,0
85a1be56_1,1,8,assistant,inform,0.7820,56,5,13,0
85a1be56_1,1,9,assistant,inform,0.7187,44,4,1,0
85a1be56_1,3,14,assistant,inform,0.9964,60,8,6,0
85a1be56_1,7,4,assistant,inform,0.9918,43,6,2,0
sharegpt_DGTCD7D_0,1,0,assistant,question,0.8416,39,5,2,0
52c34859_1,1,7,assistant,inform,0.9995,49,10,3,0
85a1be56_1,3,2,assistant,inform,0.9949,53,9,3,0
85a1be56_1,7,8,assistant,inform,0.9545,46,8,2,0
f6859b48_2,0,0,user,question,0.8329,45,14,6,0
52c34859_1,3,1,assistant,inform,0.9999,56,9,2,0
f6859b48_2,5,6,assistant,inform,0.6782,43,4,6,0
85a1be56_1,1,12,assistant,inform,0.9756,60,7,10,0
52c34859_1,3,7,assistant,inform,0.9999,61,12,5,0
52c34859_1,5,12,assistant,inform,0.9997,49,6,13,0
52c34859_1,1,10,assistant,inform,0.9946,51,8,2,0
85a1be56_1,3,4,assistant,inform,0.9929,63,10,2,0
sharegpt_Jcy1CVN_0,3,9,assistant,question,0.9971,45,7,3,0
sharegpt_Jcy1CVN_0,7,11,assistant,question,0.9964,45,7,3,0
85a1be56_1,1,6,assistant,inform,0.9384,53,7,1,0
sharegpt_DGTCD7D_0,1,5,assistant,inform,0.6904,52,7,2,0
52c34859_1,3,14,assistant,inform,1.0000,55,7,16,0
sharegpt_Jcy1CVN_0,3,1,assistant,question,0.9458,47,6,5,0
sharegpt_Jcy1CVN_0,3,7,assistant,question,0.9922,50,8,4,0
sharegpt_DGTCD7D_0,1,1,assistant,question,0.5042,52,7,2,0
sharegpt_Jcy1CVN_0,7,1,assistant,question,0.9490,49,6,5,0
sharegpt_DGTCD7D_0,1,2,assistant,inform,0.5533,52,8,2,0
sharegpt_DGTCD7D_0,1,4,assistant,question,0.5103,52,7,1,0
85a1be56_1,7,6,assistant,inform,0.9316,69,5,14,0
sharegpt_Jcy1CVN_0,5,7,assistant,inform,0.9563,59,13,3,0
sharegpt_Jcy1CVN_0,7,3,assistant,question,0.9828,52,4,3,0
52c34859_1,1,11,assistant,inform,0.9984,67,11,10,0
sharegpt_Jcy1CVN_0,7,9,assistant,question,0.9857,55,9,4,0
52c34859_1,5,8,assistant,inform,0.9993,72,2,7,0
sharegpt_Jcy1CVN_0,7,5,assistant,question,0.9176,57,4,5,0
sharegpt_Jcy1CVN_0,3,5,assistant,question,0.9498,61,4,3,0
sharegpt_Jcy1CVN_0,7,12,assistant,question,0.9947,54,5,0,0
85a1be56_1,11,5,assistant,inform,0.9980,74,10,4,0
52c34859_1,1,8,assistant,inform,0.9990,80,10,3,0
85a1be56_1,11,7,assistant,inform,0.9992,73,13,9,0
sharegpt_DGTCD7D_0,1,3,assistant,question,0.7148,65,10,1,0
sharegpt_Jcy1CVN_0,5,6,assistant,inform,0.9623,68,8,2,0
sharegpt_Jcy1CVN_0,3,10,assistant,question,0.9898,61,6,0,0
sharegpt_Jcy1CVN_0,5,8,assistant,inform,0.9939,67,5,2,0
52c34859_1,3,11,assistant,inform,0.9991,87,18,6,0
85a1be56_1,1,15,assistant,question,0.9534,80,9,2,0
sharegpt_Jcy1CVN_0,5,3,assistant,inform,0.9297,76,6,2,0
85a1be56_1,5,6,assistant,inform,0.9185,78,20,0,0
sharegpt_Jcy1CVN_0,3,3,assistant,question,0.9428,71,5,3,0
sharegpt_Jcy1CVN_0,7,7,assistant,question,0.9554,64,7,5,0
sharegpt_Jcy1CVN_0,5,2,assistant,inform,0.8122,91,10,2,0
sharegpt_Jcy1CVN_0,5,1,assistant,inform,0.9881,79,6,3,0
sharegpt_Jcy1CVN_0,5,5,assistant,inform,0.9674,90,10,2,0
sharegpt_Jcy1CVN_0,5,4,assistant,inform,0.6537,83,7,3,0
85a1be56_1,3,20,assistant,inform,0.9824,92,12,1,0
f6859b48_2,3,4,assistant,inform,0.9913,116,23,3,0
85a1be56_1,9,8,assistant,inform,0.9990,96,17,1,0
sharegpt_Jcy1CVN_0,7,0,assistant,question,0.7890,92,8,1,0
52c34859_1,7,8,assistant,inform,0.9997,128,19,7,1
52c34859_1,7,7,assistant,inform,0.9997,127,19,6,0
sharegpt_qRdLQvN_7,4,0,assistant,question,0.8597,128,7,4,1
sharegpt_Jcy1CVN_0,3,0,assistant,question,0.7910,102,8,1,0
85a1be56_1,5,4,assistant,inform,0.9997,128,29,3,1
85a1be56_1,11,4,assistant,inform,0.9582,128,22,8,1
52c34859_1,9,5,assistant,inform,0.9045,128,10,12,1
sharegpt_Cr2tc1f_0,5,2,assistant,inform,0.7133,128,6,28,1
ultrachat_359984,3,0,assistant,inform,0.9819,128,18,7,1
f6859b48_2,3,2,assistant,inform,0.9927,128,14,9,1
sharegpt_Cr2tc1f_0,7,1,assistant,inform,0.9584,128,8,17,1
sharegpt_qRdLQvN_7,6,1,assistant,question,0.9934,128,15,1,1
sharegpt_qRdLQvN_7,8,0,assistant,question,0.9473,128,15,7,1
f6859b48_2,1,2,assistant,inform,0.9998,128,12,32,1
sharegpt_qRdLQvN_7,0,0,assistant,question,0.9936,128,17,2,1
sharegpt_qRdLQvN_7,2,0,assistant,question,0.9840,128,20,2,1
